구분,code,type,severity,source_system,instance,index,대상,알람/이벤트 내용,현재 구현 여부,감지 방식 설명
알람,CIMS-COM-001,connection_lost,major,SIG_SVR_01,CSP,1,DB,"DB connection lost(IP, Port, database, user)",구현,"전용 probe 연결 mysql_ping — 10s 주기·timeout 3s, 3연속 실패 시 down 전이 / 응답 복구 시 close (DbManager.cpp HealthProbeLoop, 훅 CspServer.cpp:315)"
이벤트,-,process_started,-,SIG_SVR_01,CSP,1,,CSP 기동 완료,구현,"kind=stateChange. 기동 완료 시 1회 발신, 미등록 구간 32건 버퍼 후 flush (CspServer.cpp:364)"
이벤트,-,process_stopping,-,SIG_SVR_01,CSP,1,,CSP 종료 시작(graceful),구현,kind=stateChange. SIGTERM graceful 종료 진입 시 발신 (CspServer.cpp:515)
알람,CIMS-COM-001,connection_lost,major,SIG_SVR_01,CSP,1,CMP_01,"CMP endpoint connection lost(IP, Port) — 해당 노드 신규 세션 배정 제외",후보,HEARTBEAT(3s 주기) 3연속 무응답 → DEAD 전이(EndpointHealth.bLive) / RECOVERED 시 close. endpoint 마다 개별 발화. 전이 훅 기성 (CmpClient.cpp:1321-1339)
알람,CIMS-COM-001,connection_lost,critical,SIG_SVR_01,CSP,1,CMP,전체 CMP 두절(live endpoint 0) — 신규 미디어 배정 전면 불가,후보,"live endpoint 수 0 전이(m_bConnected, CmpClient.cpp:1361-1381). 초기값 false 라 부팅부터 down 이면 전이 미발생 — endpoint 단위 live 수 재계산으로 판정"
알람,CIMS-COM-001,connection_lost,major,SIG_SVR_01,CSP,1,CMDP_01,"CMDP connection lost(IP, Port) — 대용량 SDS MSRP 세션 전량 실패(500)",후보,HEARTBEAT 3연속 실패 전이는 존재하나 SetConnectionCallback 이 미배선 (CmdpClient.cpp:393-407 / McDataMediaService.cpp:29)
알람,CIMS-COM-001,connection_lost,major,SIG_SVR_01,CSP,1,PEER_01,트렁크/IBCF peer 두절(remote_node) — 해당 경로 호 소통 불가,후보(선행 필요),"감지 코드 없음 — MarkAlive/MarkFail 호출자 0건, RouteRuntime.alive 항상 true(CspRouteMap.cpp:148/164). OPTIONS keepalive 프로버 신설 선행"
알람,CIMS-COM-001,connection_lost,major,SIG_SVR_01,CSP,1,,CSC 연동용 UDP 포트 바인딩 실패(4421) — 가입자/그룹 변경 통지 수신 불가,후보,bind 실패 시 리스너 스레드가 조용히 종료(CscInterface.cpp:111-114). Start() 가 bind 결과와 무관하게 true 반환하는 결함 동반 수정 필요
알람,CIMS-COM-001,connection_lost,minor,SIG_SVR_01,CSP,1,,Redis(등록 상태 복제) 연결 실패 — HA cold-mode 강등,후보(선행 필요),연결/AUTH/PING 실패 지점 존재(RedisStore.cpp:53-80)나 재접속 루프가 없어 close 전이 불가 — 재접속 루프 신설 선행
알람,CIMS-PRC-002,resource_failure,major,SIG_SVR_01,CSP,1,DB,DB 쿼리 지속 실패(권한/스키마/락) — 연결은 정상,후보,ExecuteQuery/ExecuteSelect 단일 지점의 연속 실패율 임계 전이(DbManager.cpp:196-211). mysql_ping probe 로는 검출 불가한 구간 — COM-001 과 상보
알람,CIMS-PRC-002,resource_failure,minor,SIG_SVR_01,CSP,1,DB,가입자/그룹 전량 재적재 실패 — 프로비저닝 반영 정지(맵 stale),후보,"60s 주기 LoadAllUsers/LoadAllGroups 연속 실패 전이(DbManager.cpp:440-457, 601-607). 현재 호출자가 반환값을 전부 무시"
알람,CIMS-PRC-002,resource_failure,major,SIG_SVR_01,CSP,1,,flow/SIP 로그 파일 쓰기 실패 — 배치 전량 폐기(호 추적 불가),후보,"writer 스레드 배치 파일 open 실패 연속 N회 전이 / 성공 시 close. 현재 완전 silent, fwrite 반환값 미검사 (SipMessageLogger.cpp:718-724). 큐 상한 20만 줄 초과 drop 카운터(m_ulDroppedLogs)를 params 로 병합"
알람,CIMS-PRC-002,resource_failure,critical,SIG_SVR_01,CSP,1,,호이력(CDR) 파일 쓰기 실패 — 과금/이력 유실,후보,"CallDir 전 쓰기 지점이 silent(_atomicWrite 의 fwrite/rename 반환 미검사, CallDir.h:752). 공용 쓰기 헬퍼 1곳에 실패 카운터를 두고 전이 판정. CDR 은 전부 파일 기반(DbManager 의 InsertCallLog 등은 no-op)"
알람,CIMS-PRC-002,resource_failure,major,SIG_SVR_01,CSP,1,,그룹 파일 디렉터리 읽기 실패(DB fallback 모드) — 그룹 서비스 전면 불가,후보,GroupMap.ReadDir 실패 전이(GroupMap.cpp:56-65). 현재 호출자가 반환값을 무시
알람,(신규),listener_unavailable,major,SIG_SVR_01,CSP,1,,"SIP 리스너 개설 실패(proto, port) — TLS 인증서 로드 실패 포함. 해당 접속점만 서비스 불가",후보,리스너 Sync 시 add 실패 전이(CspListenerManager.cpp:191-192). 리스너마다 개별 발화. 설정 reload 마다 재평가되어 open/close 자연 발생
알람,(신규),config_invalid,minor,SIG_SVR_01,CSP,1,,설정 참조 무결성 위반 N건 — 해당 route/service/policy 영구 비활성,후보,"jsonl reload 시 dangling reference 집계 전이(CspRouteMap.cpp:100-116, CspRouteSetMap/CspServiceMap/CspRuleEvaluator/CspAclPolicyEngine/CspLocalNodeMap/CspRemoteNodeMap + floor_policy 강등 CmpClient.cpp:46-62). 위반 0건이면 close"
알람,(신규),overload,major,SIG_SVR_01,CSP,1,,제어평면 과부하 — 신규 요청 차단 발동,후보(선행 필요),과부하 감지/차단 로직 자체가 미구현. 현재 프록시 지표는 로그 drop 카운터와 CMP 요청 타임아웃율(카운터 신설 필요)뿐
이벤트,-,ha_role_changed,-,SIG_SVR_01,CSP,1,,HA 역할 전이(active↔standby),후보,kind=stateChange. VIP 소유 변화로 3s 주기 판정하는 전이 훅 기성(m_bLastActiveRole — CmpClient.cpp:940-959)
이벤트,-,config_reloaded,-,SIG_SVR_01,CSP,1,,"설정 재적재 완료(collection, 반영 건수)",후보,kind=stateChange. SIGUSR1 reload 완료 시점(CspServer.cpp:441-465). wire 규격은 alarm_self_reporting §3.1 예시로 이미 정의
이벤트,-,db_fallback_entered,-,SIG_SVR_01,CSP,1,DB,DB 장애로 파일(User/Group JSON) fallback 모드 진입,후보(선행 필요),kind=stateChange. 런타임 전환 지점이 없음 — fallback 분기는 기동 시 1회만 평가(CspServer.cpp:325-345)
이벤트,-,db_fallback_exited,-,SIG_SVR_01,CSP,1,DB,DB 복구로 fallback 모드 해제(DB primary 복귀),후보(선행 필요),kind=stateChange. 위와 동일 — 런타임 전환 코드 신설 선행
이벤트,-,csc_resync_requested,-,SIG_SVR_01,CSP,1,CSC_01,CSC 재기동에 의한 가입자/그룹 전량 재동기 수행,후보,kind=audit. CSC_RESTART 수신 처리(CscInterface.cpp:278-288)
이벤트,-,listener_added,-,SIG_SVR_01,CSP,1,,"SIP 리스너 추가(proto, port) — 무중단 접속점 변경",후보,kind=audit. 리스너 Sync 의 add 성공 지점(CspListenerManager.cpp:183-189)
이벤트,-,listener_removed,-,SIG_SVR_01,CSP,1,,"SIP 리스너 제거(proto, port) — 무중단 접속점 변경",후보,kind=audit. 리스너 Sync 의 remove 지점(CspListenerManager.cpp:168-169)
이벤트,-,group_config_changed,-,SIG_SVR_01,CSP,1,,그룹 설정 변경 반영(gid — CSC 통지 기인),후보,kind=audit. GROUP_CHANGED 수신 처리(CscInterface.cpp:205-218 → GroupCallService.cpp:1103-1112). 발생 빈도가 높아 이벤트 보존 정책 확인 필요
알람,CIMS-QOS-002,resource_exhausted,major,MED_SVR_01,CMP,1,,"미디어 자원 풀 완전 고갈(pool, used, total) — 신규 할당 불가(NO_RESOURCE)",구현,"fmMonitorLoop(1s)가 rtp/ptt_floor/ptt_member 3개 풀의 free==0 전이 감시 / 여유 회복 시 close (PCmpServer.cpp:160-190). 풀마다 개별 발화. 한계: total<=0 풀은 판정 제외(:181) — 전량 bind 실패 시 무알람, relay 분모는 설정값이라 실측과 불일치(:168)"
이벤트,-,process_started,-,MED_SVR_01,CMP,1,,CMP 기동 완료,구현,kind=stateChange. 기동 완료 시 발신(PCmpServer.cpp:150)
이벤트,-,process_stopping,-,MED_SVR_01,CMP,1,,CMP 종료 시작(graceful),구현,kind=stateChange. SIGTERM 처리(PCmpServer.cpp:195). SIGINT/SIGQUIT 는 미처리 — 유실
알람,(신규),capacity_degraded,major,MED_SVR_01,CMP,1,,"RTP/PTT 포트 풀 부분·전량 bind 실패 — 설정 대비 용량 축소(pool, configured, actual)",후보,"기동 시 bind 실패 소켓은 로그만 남기고 제외(PCmpServer.cpp:1794-1870) — 풀 실제 크기 vs 설정값 1회 비교로 판정. 현행 QOS-002 의 total<=0 사각지대(PTT 전량 실패 무알람)를 함께 커버"
알람,CIMS-PRC-002,resource_failure,major,MED_SVR_01,CMP,1,,flow/msg 로그 파일 쓰기 실패 — 배치 전량 폐기(호 추적 불가),후보,"writer 배치 fopen 실패 시 무로그 폐기 + fwrite 반환 미검사(PCmpServer.cpp:2347-2349). 큐 상한 20만 초과 drop 카운터(_logDropped) 소비자 0 — params 병합. 연속 실패 전이"
알람,CIMS-PRC-002,resource_failure,critical,MED_SVR_01,CMP,1,,녹취 파일 쓰기/개설 실패 — 녹취 유실,후보,"트랙 fopen 실패 로그만·fp=NULL 지속(PSyncRtpRecorder.cpp:167-181), fwrite/세그먼트 메타/인덱스 쓰기 반환 전부 미검사 silent(:249-251, :405-419). self_reporting §9 명시 후보 — fmMonitorLoop 집계 훅"
알람,(신규),worker_unavailable,critical,MED_SVR_01,CMP,1,,RTP 리액터 스레드 미기동/사망 — 해당 워커 소켓 전면 무중계,후보,"epoll 생성 실패 시 스레드 즉시 종료(PCmpServer.cpp:47-51, :1771-1774), epoll_wait 오류 시 break(:1781). 포트는 bind 돼 있어 L1/L3 모두 미검출 — 워커 alive 플래그 신설로 전이"
알람,CIMS-COM-001,connection_lost,major,MED_SVR_01,CMP,1,CSP_01,CSP 제어채널 무통신(HEARTBEAT 두절) — 제어/통지 단절,후보(선행 필요),"마지막 수신 시각 필드 자체가 없음 — 타임스탬프 + fmMonitorLoop 판정(예 15s 무수신) 신설 선행. CSP 측 대칭 관측(CMP endpoint 두절)은 CSP 행에 기존재"
알람,(신규),resource_leak,minor,MED_SVR_01,CMP,1,,고아 세션 sweeper 회수 지속 — CSP↔CMP 세션 정합 이상,후보,"orphan/hold 회수 카운터 기성(PCmpServer.cpp:1995-2076, STATS 노출) — 최근 창 N건 이상 전이만 추가. 절체·CSP 이상의 CMP 측 유일 신호"
알람,(신규),config_invalid,minor,MED_SVR_01,CMP,1,,설정 오류로 기능 비활성(ServiceLogDir 미설정 → flow/호이력 로깅 전면 꺼짐 등),후보,"기동 시 1회 판정(설정 재적재 경로 없음 — sticky). JSON 파싱 실패 시 전 항목 기본값으로 조용히 진행하는 것도 동일 클래스"
알람,CIMS-PRC-002,resource_failure,major,MED_SVR_01,CMDP,1,,FD 스토어 저장 실패 — 수신 SDS/FD 유실,구현,"MSRP 수신 완료 시 Store() 실패/성공 전이(PCmdpServer.cpp:740-750). 한계 2건: ①트래픽 구동 판정 — 무트래픽 구간 미탐·알람 stale ②write 결과 미검사로 ENOSPC 가 성공 처리(PFdStore.cpp:71-83) — 접근 불가 probe 행과 결함 수정으로 보강"
이벤트,-,process_started,-,MED_SVR_01,CMDP,1,,CMDP 기동 완료,구현,kind=stateChange (PCmdpServer.cpp:146)
이벤트,-,process_stopping,-,MED_SVR_01,CMDP,1,,CMDP 종료 시작(graceful),구현,kind=stateChange. SIGTERM 처리(PCmdpServer.cpp:152)
알람,(신규),listener_unavailable,critical,MED_SVR_01,CMDP,1,,MSRP 리스너/리액터 사망 — MSRP 수신 전면 불가(제어채널은 정상 응답),후보,"epoll 등록 실패에도 startServer 는 true 반환(PCmdpServer.cpp:109-115), epoll_wait 오류 시 break 로 리액터 종료(:837-843) — HEARTBEAT 는 OK 라 L3 미검출. 기동 1회 판정 + 리액터 liveness"
알람,CIMS-COM-001,connection_lost,major,MED_SVR_01,CMDP,1,CSP_01,CSP 이벤트 채널 ack 소진 지속 — 수신 완료 통지 유실,후보,"재전송 1s×5 소진 drop(PCmdpServer.cpp:545-560) 연속 N건 → open / ack 수신(:216-220) close. CSP endpoint 미학습 폐기(:513-518)는 params 병합. cmdp 는 heartbeat 를 발신하지 않아 이것이 유일한 피어 두절 관측점"
알람,CIMS-PRC-002,resource_failure,major,MED_SVR_01,CMDP,1,,서비스 로그(flow/msg) 배치 쓰기 실패,후보,"fopen 실패 continue 무로그 + fwrite 미검사(PCmdpServer.cpp:1198-1200), 버킷 mkdirP 반환 무시(:1089). 큐 drop(_logDropped — STATS 만 노출) params 병합"
알람,CIMS-QOS-002,resource_exhausted,major,MED_SVR_01,CMDP,1,,MSRP 연결 수 포화(상한 1024) — 신규 연결 거절,후보,"kMaxConnections 도달 시 즉시 close 거절(PCmdpServer.cpp:580-585) — open 훅 기성, close 는 timeoutLoop 재평가 1줄. STATS.connections 노출 중"
알람,CIMS-PRC-002,resource_failure,major,MED_SVR_01,CMDP,1,,FD 스토어 접근 불가(마운트 상실·읽기 실패·미설정 기동),후보,"무트래픽에도 판정하도록 timeoutLoop 에 스토어 probe(stat+write test) 신설. 읽기(LoadRaw) 실패는 현재 세션당 NOT_FOUND 뿐(PCmdpServer.cpp:391-396), 스토어 미설정 store=off 기동은 INFO 1줄(:977-981)"
알람,CIMS-QOS-002,resource_exhausted,minor~critical(단계),MED_SVR_01,CMDP,1,,FD 스토어 파티션 용량 임계,후보(선행 필요),"statvfs 검사 없음 — McDataFd.Dir 는 CSC 와 공유하는 NAS 경로라 host disk metric(agent QOS-001)이 미커버. GC(retention) 부재로 소진 개연성 높음"
알람,(신규),config_invalid,minor,MED_SVR_01,CMDP,1,,설정 무결성 위반(deployment overlay 미적용·MsrpIp 미설정 loopback 광고),후보,"overlay 열기/파싱 실패 무로그 break(PCmdpServer.cpp:947-955), MsrpIp 미설정 시 127.0.0.1 광고(:975) → 전 세션 orphan. 기동 1회 판정"
이벤트,-,csp_control_peer_changed,-,MED_SVR_01,CMDP,1,CSP_01,CSP 제어 피어 변경(재기동/절체 관측),후보,kind=audit. 제어 datagram 소스 학습·변경 지점 훅 기성(PCmdpServer.cpp:240-245)
알람,CIMS-COM-001,connection_lost,major,SUB_SVR_01,CSC,1,DB,"DB connection lost(IP, Port, database, user)",구현,"DbHealthProbe — pymysql 전용 연결 10s 주기, 3연속 실패 전이 / 복구 close(fm_reporter.py:274-313). 한계: CimsDatabase.Host 빈값이면 판정 보류 — DB 미구성이 무알람(설정 무결성 행 참조)"
이벤트,-,process_started,-,SUB_SVR_01,CSC,1,,CSC 기동 완료,구현,kind=stateChange (csc_app.py 기동 완료 시)
이벤트,-,process_stopping,-,SUB_SVR_01,CSC,1,,CSC 종료 시작(graceful),구현,kind=stateChange. SIGTERM 처리
이벤트,-,config_change,-,SUB_SVR_01,CSC,1,,설정/데이터 변경 감사,선언만(호출 0),"kind=audit. fm_catalog 에 선언됐으나 audit_config_change 호출자 0건 — 가입자/그룹/조직 CUD 18개 지점에 배선 필요 + mo 규약 교정(현재 cims/csp/config/* 오기재·노드 세그먼트 없음, mcptt.py:697)"
알람,(신규),listener_unavailable,critical,SUB_SVR_01,CSC,1,,HTTP 리스너(4421/4430) 사망 — 프로세스는 생존·기동 로그는 거짓 성공,후보,"uvicorn bind 실패 시 서버 스레드만 죽고 start() 는 성공 반환(httpsrv/server.py:47-58 — _ready_event 가 serve await 전에 set). 리스너별 개별 발화. start() 반환값화 + 스레드 생존 감시"
알람,CIMS-COM-001,connection_lost,major,SUB_SVR_01,CSC,1,CSP_01,CSP/PSP UDP notify 미도달 지속 — 가입자/그룹 변경이 시그널링에 미반영(무성 장애),후보,"_send_notify 가 target 별 도달 여부를 이미 bool 관측(mcptt.py:497-526, :601-626) — 연속 실패 카운터 추가. close 확보는 10s STATS_REQUEST keepalive 신설(CSP 무수정 — CscInterface 가 이미 응답). target(csp/psp)별 개별 발화"
알람,CIMS-PRC-002,resource_failure,major,SUB_SVR_01,CSC,1,,service_log(flow/msg) 쓰기 실패 — 완전 silent,후보,"_flush_batch 가 except pass(logger.py:57-68), 큐 상한 20만 drop 카운터 소비자 0 — params 병합. writer 단일 지점 연속 실패 전이"
알람,CIMS-PRC-002,resource_failure,major,SUB_SVR_01,CSC,1,DB,DB 쿼리 지속 실패(권한/스키마/락) — 연결 probe 는 정상,후보,"probe(ping)가 못 잡는 구간 — COM-001 상보. _get_db 2곳(admin.py:32, org.py:23) 단일화 + 연속 실패 카운터"
알람,CIMS-PRC-002,resource_failure,major,SUB_SVR_01,CSC,1,,IdMS 스토어(auth_code/refresh_token) 쓰기 실패 — 토큰 발급은 200 인데 refresh 전량 실패,후보,"save_* 가 bool 반환 기성인데 호출부가 무시(idms_storage.py:39-48, :101-110 / mcptt.py:831, :1263) — 카운터만 추가"
알람,CIMS-PRC-002,resource_failure,major,SUB_SVR_01,CSC,1,,가입자/그룹 파일 스토어 쓰기 실패(csp/Group JSON·MCData FD 업로드),후보,"save_group_to_file 로그만 + 호출부 무시·GROUP_DIR 미설정 silent return(mcptt.py:704-758), FD 업로드는 try 없음 → 요청당 500 뿐(mcdata_fd.py:104-117) — cmdp fd_store 패턴 복제"
알람,CIMS-PRC-002,resource_failure,major,SUB_SVR_01,CSC,1,DB,가입자/그룹 전량 적재 실패 — 빈 캐시로 서비스(더미 데이터가 장애 은폐 중),후보(선행 필요),"DB 실패→파일 폴백→빈 맵 silent(mcptt.py:263-264, :369-370) + 더미 가입자/그룹 주입이 장애 위장(csc_app.py:243-249 — 제거 필요). 주기 재적재가 없어 close 전이 불가 — 주기 태스크 신설 선행"
알람,(신규),config_invalid,major,SUB_SVR_01,CSC,1,,인증 시크릿 미설정(IdMs.JwtSecret 프로세스별 랜덤·CimsAuth.JwtSecret 기본값) — 노드 간 토큰 검증 불가/콘솔 전면 401,후보,"apply_config/init 이 기동+SIGUSR1 마다 재평가 — 전이 훅 기성(mcptt.py:133-137). CimsAuth 쪽은 현재 로그조차 0(admin_auth.py:55-60). DB 미구성(Host 빈값)도 동일 클래스"
이벤트,-,config_reloaded,-,SUB_SVR_01,CSC,1,,설정 재적재 완료(SIGUSR1),후보,kind=stateChange. csc_app.py:127-142 — 재적재 실패 연속은 알람으로 분리
이벤트,-,csp_resync_sent,-,SUB_SVR_01,CSC,1,CSP_01,CSC 기동 시 CSP 전량 재동기 요청(CSC_RESTART) 발신,후보,kind=audit. csc_app.py:296-301 — CSP 행 csc_resync_requested 와 쌍
알람,CIMS-PRC-001,process_down,critical,SIG_SVR_01,AGENT,1,MODULE,모듈 프로세스 소멸(module) — 해당 모듈 기능 중단,구현,"agent 실행집합(pgrep) 2s 관측 metric → OAM base 평가(check=module_down). 배포 기록에 있는 모듈만 평가. 모듈마다 개별 발화(mo=<host>/<module>)"
알람,CIMS-QOS-001,threshold_crossed,minor~critical(단계),SIG_SVR_01,AGENT,1,,루트(/) 디스크 사용률 단계 임계(80/90/95),구현,"disk_pct metric → OAM base 평가(check=disk_high). 승격/완화 action=change. 한계: 루트 외 마운트는 mounts[] 로 수집·저장만 되고 평가 규칙 없음(후보 행)"
알람,CIMS-PRC-003,config_out_of_sync,warning,SIG_SVR_01,AGENT,1,MODULE,모듈 노드 설정 파일이 배포 기록과 불일치(드리프트),구현,"cfg_hashes(실파일 hash) vs 배포 실체화본 canonical hash — OAM base 평가(check=config_drift). 모듈마다 개별 발화(mo=<host>/<module>/config)"
알람,CIMS-QOS-001,threshold_crossed,warning,SIG_SVR_01,AGENT,1,,keepalived 상태 전이 빈도 임계(기본 6회/10분) — VIP flap 의심,구현,"cims-notify 로그 tail 10분 집계(metric.ha_transitions) → OAM base 평가(check=ha_flap). 개별 전이 건의 이벤트화는 후보(ha_role_changed)"
이벤트,-,process_died,-,SIG_SVR_01,AGENT,1,MODULE,모듈 프로세스 소멸 전이 관측(SIGKILL 등 자기보고 유실 보완),구현,kind=stateChange. metric 동반 module_events → OAM event_log 기록(agent_api.py:862)
알람,(신규),failover_latched,major,SIG_SVR_01,AGENT,1,,절체 래치 — 이 노드 승격 영구 불가(운영자 해제 전까지),후보,"래치 판정·영속 기성(state/ha/latch), heartbeat ha_state.latched 로 OAM 전달 중 — 현재 콘솔 배지뿐(ServersPage). heartbeat 기반 평가 규칙 신설. 이중화 사실상 소실 상태가 무알람인 최대 공백 중 하나"
알람,(신규),crash_loop,major,SIG_SVR_01,AGENT,1,MODULE,모듈 재기동 반복 소진(restart_exhausted) — 불안정 지속,후보,"window(300s) 내 max_fails(3) 판정 기성(fail 카운터 → reason_codes) — PRC-001 의 open/close 반복으로는 불안정이 알람으로 표현되지 않음. metric 필드 + rule 신설"
알람,CIMS-QOS-001,threshold_crossed,minor~critical(단계),SIG_SVR_01,AGENT,1,,루트 외 마운트(녹취/로그/NAS 볼륨) 사용률 임계,후보,"mounts[].pct 수집·저장 완비(agent_api.py:842) — rule 1건 추가만(mo=<host>/disk/<mount>). 현행 disk_high 는 루트만 봄"
알람,CIMS-QOS-001,threshold_crossed,minor~critical(단계),SIG_SVR_01,AGENT,1,,호스트 CPU/메모리 사용률 임계,후보,"cpu_pct/mem_pct 수집·저장 완비 — rule 추가만(표준화 §3.5 '새 리소스 = rule 만 추가'). mem 은 OOM 선행 지표(실측: csc OOM 사망이 무알람이었음)"
알람,(신규),readiness_failed,major,SIG_SVR_01,AGENT,1,MODULE,모듈 생존+응답 불능(zombie) — 노드 로컬 readiness 실패 지속,후보,"agent health check(liveness/readiness/HTTP probe) 결과가 HA verdict 로만 소비(run/ha/health) — metric 요약 필드 + rule 신설. L1(생존)·L3(원격 probe)가 못 나누는 사각의 노드 로컬 정본"
알람,(신규),shared_store_unavailable,major,SIG_SVR_01,AGENT,1,,공유 store(NAS) 마운트/쓰기 불가 — HA 승격 부적격 유발,후보,"write probe 기성(_shared_store_ready — not_mounted/not_writable) — metric 필드 + rule 신설. 양 노드 동시 부적격 = VIP 공백인데 현재 무알람"
이벤트,-,ha_role_changed,-,SIG_SVR_01,AGENT,1,,"HA 역할 전이(svc, from, to)",후보,"kind=stateChange. prev→cur 전이 감지 기성(cims_agent.py:3167-3189) — module_events 의 node_events 일반화 선행. 절체 사후분석 기본 이력(현재 notify 로그를 ssh 로 봐야 함)"
이벤트,-,module_restarted,-,SIG_SVR_01,AGENT,1,MODULE,watchdog/HA reconcile 에 의한 모듈 자동 재기동,후보,"kind=stateChange. 재기동 지점 훅 기성(cims_agent.py:4214-4218, :3627-3635) — 현재 print 만. process_died 만 있고 '누가 살렸는지' 이력 부재"
이벤트,-,deployment_failed,-,SIG_SVR_01,AGENT,1,MODULE,"배포/업그레이드 실패·자동 롤백(rc, sha 불일치, rolled_back)",후보,"kind=audit. install rc 1~6·self-upgrade 자동 롤백이 job 레코드에만 저장(2일 후 purge) — event_log 미기록. 발행은 job report 수신부(OAM)가 더 적절할 수 있음"
알람,CIMS-PRC-004,service_unresponsive,major,MGMT_SVR_01,OAM-SVC,1,CSP_01,CSP 관리 프로브(STATS) 무응답 — 제어/관측 불가,구현,"UDP STATS probe(check=service_unresponsive, target=csp, mo=cims/csp). --role all 단일 프로세스에선 base 대행(detected_by=oam). 한계: CspNotify 미설정 시 기본 127.0.0.1 로 probe — 미배포 노드에서 영구 오탐"
알람,CIMS-PRC-004,service_unresponsive,major,MGMT_SVR_01,OAM-SVC,1,CMP_01,CMP 관리 프로브(STATS) 무응답,구현,"CMP endpoint 마다 개별 발화(mo=cims/cmp/<ip:port>). endpoint 목록 공집합이면 평가 skip + 기존 열린 알람 stale reap close — 관측 공백 행 참조"
알람,CIMS-COM-001,connection_lost,critical,MGMT_SVR_01,OAM-SVC,1,DB,서비스 DB 연결 끊김(cims/db),구현,"DB SELECT 1 probe(check=db_down). 모듈 관점 DB 알람(cims/<mod>/<node>/db, detected_by=self)과 별개 관측"
알람,CIMS-QOS-001,threshold_crossed,minor~critical(단계),MGMT_SVR_01,OAM-SVC,1,CMP_01,RTP 포트 사용률 단계 임계(80/90/95),구현,"CMP STATS 응답 기반(check=rtp_pct_gte, mo=cims/rtp_ports). 완전 고갈 자기보고(CMP QOS-002)와 역할 분담"
알람,(신규),ingest_inoperative,major,MGMT_SVR_01,OAM-SVC,1,,FM 수신 채널 불능(기동 실패·수신 스레드 사망) — 전 모듈 자기보고 침묵,후보,"start() 예외 시 ingest 없이 정상 기동(log_error 뿐 — oam_svc_app.py:320-325), 소켓 OSError 시 스레드 조용히 종료(fm_ingest.py:128-146). 자기 상태라 health 필드 + 자체 발화 경로 병행 필요"
알람,(신규),catalog_mismatch,warning,MGMT_SVR_01,OAM-SVC,1,,모듈 자기보고 무력화(빈 카탈로그 등록·UNKNOWN_CODE 거절 반복) — 해당 노드 자기보고 알람 전량 거부,후보,"빈 카탈로그도 정상 수용되고 이후 FM_ALARM 전량 UNKNOWN_CODE 거절 — 카운터/로그 0(fm_ingest.py:214-216). 노드별 거절 누적 임계 전이. 배포 버전 스큐의 전형 신호"
알람,(신규),monitoring_disabled,warning,MGMT_SVR_01,OAM-SVC,1,CMP,관측 대상 공백(CMP endpoint 미설정) — CMP 관측 통째 비활성,후보,"MediaServer.Endpoints 공집합이면 rtp/PRC-004 평가 skip + 열린 cims/cmp/* 를 stale reap close(alarm_sweeper.py:228-291) — 설정 소실이 '알람 정리'로 위장. 기동 경고(oam_svc_app.py:171-177)도 MediaServer 는 제외돼 있음"
알람,CIMS-PRC-003,config_out_of_sync,warning,MGMT_SVR_01,OAM,1,,HA fan-out 설정 드리프트(그룹 멤버 컬렉션 불일치),구현,"drift_sweeper 300s — 멤버 컬렉션 대조(mo=cims/ha/g<gid>/<collection>). 판정 불가 3연속 close·재도출(reseed)·고아 reap lifecycle 내장"
이벤트,-,service_control,-,MGMT_SVR_01,OAM,1,,"서비스 제어 감사(actor, ip, service, action)",구현,kind=audit. 콘솔/API start·stop·restart 시 기록(service_control.py:49)
알람,(신규),agent_unreachable,critical,MGMT_SVR_01,OAM,1,AGENT,agent 관측 두절(heartbeat/metric 미수신) — 해당 노드 전체 관측 공백,후보,"현행은 8s 무heartbeat 시 offline 마킹뿐 + 그 노드 agent 계열 열린 알람을 '관측 불가'로 전부 자동 close(oam_app.py:1336-1345) — 노드 사망이 '전 알람 해소'로 보이는 침묵 실패(실측: csc OOM 사망 무알람). 알람 신설 + auto-close 를 판정 불가 의미로 재정의"
알람,(신규),store_ownership_lost,critical,MGMT_SVR_01,OAM,1,,관리 store 소유권 리스 상실/획득 실패/펜싱(epoch_fenced) — read-only 강등·스위퍼 전체 정지,후보,"획득 실패 read-only 기동은 log_error 뿐(oam_app.py:625-636), 런타임 상실 감지·재획득 루프는 기성(lease.py, oam_app.py:1559-1578) — 상실 중 전 알람 판정이 정지하므로 이 알람 없이는 '알람 없음 = 감지 불능'. locking_not_enforced(FS flock no-op)도 동일 클래스"
알람,(신규),store_unavailable,critical,MGMT_SVR_01,OAM,1,,공유 스토리지(NAS) 런타임 접근 실패,후보(선행 필요),"기동 시 1회 검사뿐(_assert_runtime_mount, oam_app.py:95-160) — 런타임 소실은 리스 owner_record_missing 으로만 간접 발현. 주기 write probe 신설 선행"
알람,CIMS-PRC-002,resource_failure,major,MGMT_SVR_01,OAM,1,,스위퍼/자기 기록 연속 실패 — 해당 판정 영구 정지,후보,"10개 sweeper 의 except 가 log_error 후 다음 주기 재시도 — 연속 실패 카운터 없음. alert JSONL 쓰기 실패 시 transition 이 state 를 먼저 갱신해 open 레코드 유실(alarm_sweeper.py:137-143 순서 결함). 자기 스트림 불능 시 health 경로 병행 필요"
알람,(신규),cert_expiring,warning,MGMT_SVR_01,OAM,1,AGENT,agent mTLS 인증서 만료 임박/회전 실패,후보,"만료 30일 내 cert_rotate_pending 플래그만 설정(oam_app.py:1087-1112), agent 측 회전 실패는 print 뿐 — mTLS 채널이 조용히 만료. 단계 임계(warning→critical) 자연"
이벤트,-,ha_switchover,-,MGMT_SVR_01,OAM,1,,"HA 절체 감지(group, from, to)",후보,"kind=stateChange. auto-sync 가 실측 active 변경 감지 시 log_info 만(oam_app.py:1445-1450) — 개별 절체 사건이 이벤트 스트림에 없음(빈도 임계 ha_flap 알람만 존재). 계획 절체 실패(HA operation FAILED)도 함께"
이벤트,-,deploy_job,-,MGMT_SVR_01,OAM,1,AGENT,"배포/프로비저닝 job 결과(job_type, agent, result)",후보,"kind=audit. 배포 job 실패·provision run 실패가 job/run 레코드에만 저장(event_log 0, 실패 이력 2일 후 purge — agent_api.py:644-670, provision/engine.py) — service_control 만 audit 로 남는 비일관 해소"
이벤트,-,auth_audit,-,MGMT_SVR_01,OAM,1,,"인증 감사(로그인 실패, 역할 거부, HA join 토큰 오사용)",후보,"kind=audit. 현재 전부 4xx 응답뿐 — 실패 카운터/lockout/이벤트 전무(auth.py:179-206, oam_join.py:172-183). service_control 의 actor/actor_ip 템플릿 재사용. 동일 IP/계정 반복 실패 임계는 알람 후보"
