기능,행,구분,code,type,severity,source_system,instance,index,대상,component,조건/내용,message,영향,권장 조치,근거,현재 구현 여부,감지 방식 설명
공통,정의,알람,A-PRC-001,process_down,critical,,,,,,기능 프로세스 소멸,Process {module} is down on {node},해당 노드의 그 기능 전면 중단(HA 미구성 시 서비스 단절),프로세스 재기동·코어/로그 확인·HA 절체 상태 점검,vIBCF A0011 / X.733,,
,감지,알람,A-PRC-001,process_down,critical,SIG_SVR_01,AGENT,1,MODULE,,모듈 프로세스 소멸(module) — 해당 모듈 기능 중단,,,,,구현,agent 실행집합(pgrep) 2s 관측 metric → OAM base 평가(check=module_down). 배포 기록에 있는 모듈만 평가(console/agent 는 OAM 측 제외). 모듈마다 개별 발화(mo=<host>/<module>)
공통,정의,알람,A-PRC-004,process_unresponsive,major,,,,,,프로세스 생존인데 서비스/제어 응답 불능(hang),Service {module} is not responding ({fails} consecutive probe timeouts),외견상 정상이나 처리 정지 — 호처리 영향 가능,부하·스레드 상태 확인(process_down 동반 여부)·필요 시 재기동,vIBCF A0086,,
,감지,알람,A-PRC-004,process_unresponsive,major,SIG_SVR_01,AGENT,1,MODULE,,모듈 생존+응답 불능(zombie) — 노드 로컬 readiness 실패 지속,,,,,후보,agent health check(liveness/readiness/HTTP probe) 결과가 HA verdict 로만 소비(run/ha/health) — metric 요약 필드 + rule 신설. zombie(_ever_ready True)와 start_failed 는 코드가 명시 분리(:3321) — 이 행은 zombie 한정(start 실패는 crash_loop(start)·redundancy_degraded(ha/eligible) 행). L1(생존)·L3(원격 probe)가 못 나누는 사각의 노드 로컬 정본
,감지,알람,A-PRC-004,process_unresponsive,major,MGMT_SVR_01,OAM-SVC,1,CSP_01,,CSP 관리 프로브(STATS) 무응답 — 제어/관측 불가,,,,,구현,"UDP STATS probe(check=process_unresponsive, target=csp, mo=관측 신원 합성 — 노드 주소=<서버명>/csp·VIP=<그룹명>/csp). --role all 단일 프로세스에선 base 대행(detected_by=oam). 한계 3건: ①CspNotify 미설정 시 기본 127.0.0.1 probe — 미배포 노드 영구 오탐 ②연속 실패 디바운스 없음 — 1회 miss 즉시 open(DB probe 3연속 표준과 불일치, csp 는 last-good 도 없음 stats.py:158-169) ③'무응답'과 '대상 미설정' 미구분"
,감지,알람,A-PRC-004,process_unresponsive,major,MGMT_SVR_01,OAM-SVC,1,CMP_01,,CMP 관리 프로브(STATS) 무응답,,,,,구현,"CMP endpoint 마다 개별 발화(mo=endpoint 소유 <서버명>/cmp — 동일 서버 다중 endpoint 는 루트에 :port 접미). endpoint 목록 공집합이면 평가 skip + 기존 열린 알람 stale reap close(관측 공백 행 참조 — close 메시지가 msg_close '정상화' 우선이라 '관측 제외 정리' 폴백 :287-288 은 거의 미사용, 로그상 정상화로만 보임). 한계: _probe_cmp 가 config 파라미터 없이 호출(alarm_sweeper.py:232) — MediaServer.ProbeTimeout/Attempts/LastGoodTtlSec 무시·기본 last-good 30s 고정(down 판정 최대 30s 지연·설정 조정 불가)"
,감지,알람,A-PRC-004,process_unresponsive,major,MGMT_SVR_01,OAM,1,,gateway/<segment>,게이트웨이 upstream(loopback 모듈) 무응답 — base 의 oam-svc/csc L3 관측,,,,,후보,_upstream_alive 가 GET /gateway/health 요청 시에만 실행(handlers/gateway.py:468-500) — 스위퍼 주기 호출로 전환하면 세그먼트별 open/close. 실제 프록시 실패는 요청 단위 502/504(:282-287)뿐. base 가 oam-svc/csc 를 관측하는 유일한 L3 채널. 라우트 미탑재(mount failed log_error 진행 oam_app.py:993-997·unmount/reconcile skip :388/:406/:442 — 세그먼트 전면 404)는 params 구분
공통,정의,알람,A-PRC-005,crash_loop,major,,,,,,재기동 반복 소진 또는 기동 반복 실패(한 번도 못 뜸),Process {module} is crash-looping: {count} restarts within {window}s,불안정 지속 — 자동 복구 무한 루프,직전 변경(배포/설정) 회귀 검토·코어/기동 로그 확인,X.733,,
,감지,알람,A-PRC-005,crash_loop,major,SIG_SVR_01,AGENT,1,MODULE,,모듈 재기동 반복 소진(restart_exhausted) — 불안정 지속,,,,,후보,"window/max_fails 판정 기성 — 값은 ha.json.restart_limit(기본 3회/300s, _restart_limit_for :3083-3086)·fail 카운터 영속(run/ha/fail_<mod> :3935-3960). PRC-001 open/close 반복으로는 불안정이 표현 안 됨 — metric 필드+rule 신설. 사각: _fail_bump 가 was_up 조건(:3615)이라 한 번도 뜬 적 없는 모듈은 미카운트 → start 반복 실패는 별 행(module/start 행)"
,감지,알람,A-PRC-005,crash_loop,major,SIG_SVR_01,AGENT,1,MODULE,start,reconcile start 반복 실패 — 한 번도 뜬 적 없는 모듈(설정 오류 등),,,,,후보,"rc≠0 반복 + _RECONCILE_BACKOFF 지수(상한 300s, :3623-3635 — in-memory·print 만). crash_loop(was_up 전제)의 사각 커버 — backoff 상한 도달 지속 전이"
공통,정의,알람,A-QOS-001,threshold_crossed,minor~critical(단계),,,,,host/<res>,호스트 자원(CPU/MEM/DISK/load) 사용률 단계 임계,"{resource} usage is {observed}% (CRI:{crit}, MAJ:{maj}, MIN:{min})",추가 부하 시 처리 실패·OOM/디스크 고갈 위험,원인 프로세스 식별·정리/증설·보존기간 조정(디스크),vIBCF A0012~14,,
,감지,알람,A-QOS-001,threshold_crossed,minor~critical(단계),MED_SVR_01,CMDP,1,,fd_store/disk,FD 스토어 파티션 용량 단계 임계,,,,,후보(선행 필요),statvfs 검사 없음 — McDataFd.Dir 는 CSC 와 공유하는 NAS 경로라 host disk metric(agent QOS-001)이 미커버. 소진 개연성 근거: 메시지당 .bin+.msrp 이중 기록(PFdStore.cpp:70-83)·rename 실패 시 .tmp/.bin/.msrp 잔존(:103-115)·GC/retention 전무(unlink 0건 — PLog 회전만 존재). QOS-002 에서 재분류 — 단계 용량 임계는 threshold_crossed 클래스
,감지,알람,A-QOS-001,threshold_crossed,minor~critical(단계),SIG_SVR_01,AGENT,1,,disk,루트(/) 디스크 사용률 단계 임계(80/90/95),,,,,구현,disk_pct metric(shutil.disk_usage) → OAM base 평가(check=disk_high). 승격/완화 action=change. 한계: 루트 외 마운트는 별도 행 — /dev/ 필터라 NFS/CIFS 는 수집 자체 안 됨(disk/<mount> 행 참조)
,감지,알람,A-QOS-001,threshold_crossed,minor~critical(단계),SIG_SVR_01,AGENT,1,,disk/<mount>,루트 외 마운트(녹취/로그/NAS 볼륨) 사용률 임계,,,,,후보,로컬(/dev/) 마운트는 mounts[].pct 수집·저장 완비(agent_api.py:842) — rule 추가(mo=<host>/disk/<mount>). 단 NFS/CIFS 는 collect_per_mount 의 /dev/ 필터(cims_agent.py:602-604)로 수집 자체 제외 — NAS 는 수집 확장 선행(heartbeat mount_targets[] 는 사용률 필드 없음). 구 서술 'rule 만 추가'는 로컬 한정
,감지,알람,A-QOS-001,threshold_crossed,minor~critical(단계),SIG_SVR_01,AGENT,1,,cpu|mem,호스트 CPU/메모리 사용률 임계,,,,,후보,cpu_pct/mem_pct 수집·저장 완비 — rule 추가만(표준화 §3.5 '새 리소스 = rule 만 추가'). mem 은 OOM 선행 지표(실측: csc OOM 사망이 무알람이었음)
,감지,알람,A-QOS-001,threshold_crossed,minor,SIG_SVR_01,AGENT,1,,load,호스트 load average(run-queue) 임계,,,,,후보,"load_avg 수집·화이트리스트 저장 완비(cims_agent.py:754-757, agent_api.py:838) — rule 추가만. cpu_pct 와 별개 조건(I/O wait 포화 포착)"
공통,정의,알람,A-QOS-003,threshold_crossed,minor~major(단계),,,,,ntp,NTP offset/delay 단계 임계 초과(동기는 유지),"NTP {metric} is {observed}ms (MAJ:{maj}, MIN:{min})",시각 정밀도 열화 — 알람 시각·CDR·녹취·로그 상관 왜곡 진행,NTP 서버 연동/네트워크 지연 확인·시각원 점검,vIBCF A0041~42,,
,감지,알람,A-QOS-003,threshold_crossed,minor~major(단계),SIG_SVR_01,AGENT,1,,ntp,NTP offset/delay 단계 임계 초과(동기는 유지),,,,,후보(선행 필요),검사 코드 자체가 없음 — chrony/ntpq 조회 metric 필드 + rule 신설 선행. 사내 vIBCF/TrGW POD 가 NTP 3클래스(A0041~A0043 Delay/Offset/Status)로 운영할 만큼 실운영 가치 검증(표준화 §7.2 대조) — CIMS 는 임계(A0041~42)=threshold_crossed·동기 상실(A0043)=connection_lost 2행 분리(정의 A-QOS-003/A-COM-014). 시각 어긋남은 알람 raised_time·CDR·녹취 세그먼트 정합 전제라 관측 가치 높음
공통,정의,알람,A-COM-014,connection_lost,major,,,,NTP,ntp,NTP 시각원 동기 상실(unsynchronized·시각원 도달 불가),"NTP synchronization lost (source {server}, {detail})",시각 표류 진행 — 알람 시각·CDR·녹취·로그 상관의 정합 붕괴,NTP 데몬/서버 연동 상태 확인·시각원 점검,vIBCF A0043 / X.733(lossOfSynchronisation),,
,감지,알람,A-COM-014,connection_lost,major,SIG_SVR_01,AGENT,1,NTP,ntp,NTP 시각원 동기 상실(unsynchronized·시각원 도달 불가),,,,,후보(선행 필요),검사 코드 자체가 없음 — chrony/ntpq 동기 상태(stratum·sync source) 조회 신설 선행(위 임계 행과 같은 수집기 공유). 임계 초과가 아닌 시각원 상실이라는 상태 조건 — vIBCF A0043 Status·X.733 lossOfSynchronisation 대응(정의 A-COM-014)
공통,정의,알람,A-PRC-006,storage_failure,major,,,,,service_log,서비스 로그(flow/msg) 기록 실패 지속,"Service log writes failing on {path} ({errno}, {count} consecutive)",호 추적/장애 분석 불가(무성 유실),로그 볼륨/권한/마운트 확인,X.733,,
,감지,알람,A-PRC-006,storage_failure,major,SIG_SVR_01,CSP,1,,service_log,flow/SIP 로그 파일 쓰기 실패 — 배치 전량 폐기(호 추적 불가),,,,,후보,"writer 배치 fopen 실패 continue + fwrite 반환 미검사(SipMessageLogger.cpp:720-723), 지속 flow 핸들 open 실패 NULL 반환만(:558-565). 큐 상한 20만 초과 drop 카운터 m_ulDroppedLogs(:695-699) 소비자 0 — params 병합"
,감지,알람,A-PRC-006,storage_failure,major,MED_SVR_01,CMP,1,,service_log,flow/msg 로그 파일 쓰기 실패 — 배치 전량 폐기(호 추적 불가),,,,,후보,writer 배치 fopen 실패 시 무로그 폐기 continue(:2347-2348) + fwrite/fclose 반환 미검사(:2349-2350). 동반 결함: writeMsgLine 에만 _serviceLogDir 빈값 가드 누락(:2171 — logFlow :2206·writeLeakReclaim :2279 은 있음) → 빈 dir 시 루트 절대경로 생성 시도·영구 실패 루프. 큐 drop 은 log_queue 행으로 분리
,감지,알람,A-PRC-006,storage_failure,major,MED_SVR_01,CMDP,1,,service_log,서비스 로그(flow/msg) 배치 쓰기 실패,,,,,후보,"fopen 실패 continue 무로그 + fwrite 미검사(PCmdpServer.cpp:1198-1200) + fclose 반환 미검사(:1202 — NFS write-back 실패 미탐), 버킷 mkdirP 반환 무시(:1089), _currentHourDir 빈값 시 writeMsgLine/logFlow 조용히 return(:1059·:1064·:1114-1115). 큐 drop 은 log_queue 행으로 분리"
,감지,알람,A-PRC-006,storage_failure,major,SUB_SVR_01,CSC,1,,service_log,service_log(flow/msg) 쓰기 실패 — 완전 silent,,,,,후보,_flush_batch 가 except pass(logger.py:57-68) — writer 단일 지점 연속 실패 전이. 큐 drop 은 log_queue 행으로 분리
공통,정의,알람,A-PRC-007,config_invalid,major,,,,,config,설정 결함·미설정·참조 무결성 위반으로 기능 비활성/오동작,Invalid configuration {key}: {detail} — function disabled or misbehaving,일부 기능이 조용히 꺼진 채 운영,설정 정본 대조·재적재/재기동,X.733,,
,감지,알람,A-PRC-007,config_invalid,minor,SIG_SVR_01,CSP,1,,config,설정 참조 무결성 위반 N건 — 해당 route/service/policy 영구 비활성,,,,,후보,"jsonl reload 시 dangling reference 집계 전이(CspRouteMap.cpp:98-117, CspRouteSetMap/CspServiceMap/CspRuleEvaluator/CspAclPolicyEngine/CspLocalNodeMap/CspRemoteNodeMap + floor_policy 강등 CmpClient.cpp:46-62). jsonl 라인 파싱 실패 건수(CspConfigCache.cpp:90-93)도 params 병합. 위반 0건이면 close"
,감지,알람,A-PRC-007,config_invalid,major,SIG_SVR_01,CSP,1,,config/collections,reload 후 설정 컬렉션 전량 소실(N→0건) — listeners/routes/policies 무통보 소거,,,,,후보,"jsonl 파일 부재를 정상 빈 배열로 취급(CspConfigCache.cpp:75-85 source=jsonl-empty) + reload 경로에 sanity 게이트 없음(CspServer.cpp:442-465 — 기동 시 local_nodes fail-fast 는 :152-157 뿐, 런타임엔 없음). 엔티티별 건수 >0→0 전이 open / 회복 close"
,감지,알람,A-PRC-007,config_invalid,major,MED_SVR_01,CMP,1,,config/timers,SessionTimeout<=0 — floor 타이머·sweeper·이벤트 재전송 전체 무통보 정지,,,,,후보,타이머 스레드가 _sessionTimeout>0 일 때만 기동(:122) — timeoutLoop(:1954)이 단독 구동하는 ①floor 타이머 tick(:1964-1969 T1/T2/T3/T8/T20 — 발언 종료 미회수·화자 고착) ②미ack 이벤트 재전송(:1972) ③orphan/group sweeper(:1975-2077)가 전부 정지. 기동 1회 판정(sticky). config_invalid 중 영향 최대라 별행
,감지,알람,A-PRC-007,config_invalid,minor,MED_SVR_01,CMP,1,,config,설정 오류로 기능 비활성(ServiceLogDir 미설정 → flow/호이력 로깅 전면 꺼짐 등),,,,,후보,기동 시 1회 판정(런타임 재적재 경로 없음 — sticky). JSON 파싱 실패 시 전 항목 기본값 조용히 진행도 동일 클래스. 동반 결함(수정 선행): 배포 overlay 가 첫 파싱 패스에만 적용(:1587-1613)되고 Record*/ServiceLogging.*/SystemId/Fm.* 는 원본 재파싱(:1692-1697 root2) — 배포본 config.json 의 해당 키 전부 무시(Fm.Enable/OamIp 무시 시 자기보고 전체 미기동)
,감지,알람,A-PRC-007,config_invalid,warning,MED_SVR_01,CMP,1,,nat_guard,NAT 멤버 sig-guard IP 부재 — latch IP 가드 무력화 상태 지속,,,,,후보,CSP UserMap 미조회 시 LOG_WARN 만(PMcpttGroup.cpp:198-200) — 보안 가드가 조용히 약화된 채 세션 내내 지속. 가드 비활성 멤버 수 >0 전이
,감지,알람,A-PRC-007,config_invalid,minor,MED_SVR_01,CMDP,1,,config,설정 무결성 위반(deployment overlay 미적용·MsrpIp 미설정 loopback 광고 등),,,,,후보,기동 시 1회 판정(설정 재적재 경로 없음 — sticky). 지점: overlay 열기/파싱 실패 무로그 break(PCmdpServer.cpp:947-955)·MsrpIp 미설정 시 127.0.0.1 광고(:975 → 전 세션 orphan)·설정 파일 열기 실패 시 전 항목 기본값으로 기동(:926-930)·Fm.Enable 문자열 비교(boolean 설정 시 자기보고 무음 :1009)·MsrpWorkerCount 범위 밖 무로그 무시(:971-974)
,감지,알람,A-PRC-007,config_invalid,major,SUB_SVR_01,CSC,1,,config/auth,인증 시크릿 미설정(IdMs.JwtSecret 프로세스별 랜덤·CimsAuth.JwtSecret 기본값) — 노드 간 토큰 검증 불가/콘솔 전면 401,,,,,후보,SIGUSR1 재적재 시 재평가 훅 기성(mcptt.py:133-137). 기동 시 평가는 'Data' in config 일 때만(csc_app.py:235-240) — 게이트 제거 선행(config/data 행). CimsAuth 쪽은 현재 로그조차 0(admin_auth.py:55-60). KMS_MASTER_SECRET(mcptt.py:30)은 설정 항목 자체가 없어 재기동마다 랜덤 — 코드 수정 선행
,감지,알람,A-PRC-007,config_invalid,major,SUB_SVR_01,CSC,1,,config/data,Data 섹션 부재 — apply_config/load_shared_data 미실행(설정 전면 미적용),,,,,후보,"csc_app.py:235-240 — 'Data' in config 게이트 안이라 Data 없는 overlay 배포에서 기동 시 한 번도 실행 안 됨. 동시 발생 4연쇄(전부 무통보): SECRET_KEY 프로세스 랜덤 유지(경고 로그도 미출력)·CSP/PSP notify 기본 127.0.0.1 고착·_DB_CONFIG None → /provisioning/me·directory 영구 503(mcptt.py:1771-1772, :1843-1844)+refresh_group_members 무조건 False(:408-409)·GROUP_DIR None → 그룹 파일 저장/삭제 silent no-op(:704-706, :746-748)"
,감지,알람,A-PRC-007,config_invalid,minor,SUB_SVR_01,CSC,1,,config/logging,ServiceLogging.Dir 미설정 — 서비스 로그 전면 미기록 + 스토어 경로 CWD 오염,,,,,후보,"logger 가 dir 빈값이면 무조건 return(logger.py:234-236) — flow/msg 전량 무기록·로그 0줄 완전 침묵(csc_app.py:145-157 legacy 키 폴백 전부 빈 경우). 연쇄: 같은 값이 file_store.runtime_root 시드(file_store.py:44-51 — CimsRuntimeDir 는 config_template 에 항목 자체 없음) → IdMS 스토어 경로가 CWD 상대로 이동, 재기동 CWD 변경 시 토큰 전량 유실. 기동+SIGUSR1 재평가로 전이 자연. CMP config 행과 동일 클래스"
,감지,알람,A-PRC-007,config_invalid,minor,SUB_SVR_01,CSC,1,,config/notify,CSP/PSP notify 목적지 미설정(기본 127.0.0.1) — 통지가 조용히 버려지는 설정 상태,,,,,후보,config_template 의 CspNotify.Ip/PspNotify.Ip default 빈값 + apply_config 가 빈값이면 대입 skip(mcptt.py:155-158) → 모듈 기본 127.0.0.1 유지(help 자체가 '조용히 버려진다' 명시). 무트래픽에도 즉시 판정 가능한 설정 축 — notify/<target> 행(트래픽 구동 런타임 축)과 상보
,감지,알람,A-PRC-007,config_invalid,minor,SUB_SVR_01,CSC,1,DB,db/schema,DB 스키마 마이그레이션 미적용(schema drift) — 기능 무통보 축소,,,,,후보,"_users_has_title probe(mcptt.py:109-115)·ptt_user_profile 조회 실패 pre-migration INFO 후 스킵(:225-241 → get_user_profile 전 가입자 DEFAULT 강등 :983-985)·admin except pass(admin.py:149-161, :300-301). 기동/재적재 시 필수 컬럼·테이블 존재 검사 N건 집계 전이(CSP config 무결성과 동형). db/query(런타임 실패율)가 못 잡는 결정론 구간"
,감지,알람,A-PRC-007,config_invalid,warning,SIG_SVR_01,AGENT,1,MODULE,config/parse,모듈 config.json 파싱 실패 — 드리프트 평가 무통보 제외,,,,,후보,_cfg_hash_for_module 이 json.load 예외 시 None 반환(cims_agent.py:739-743) → 보고 생략 → OAM 도 skip(oam_app.py:1253-1254) — 깨진 설정이 PRC-003 무알람 통과. hash 필드에 parse_error 마커 보고 + rule 신설
,감지,알람,A-PRC-007,config_invalid,major,MGMT_SVR_01,OAM,1,,config/store,관리 store 로컬 폴백 기동 — 관리평면 이중화 소실 상태,,,,,후보,미마운트인데 로컬 store 로 기동(oam_app.py:143-154 — 메시지 자체가 '이중화되지 않습니다'). 기동 1회 판정(sticky). storage_failure(store — 런타임 소실)와 별개 축
,감지,알람,A-PRC-007,config_invalid,major,MGMT_SVR_01,OAM,1,,config/auth,JwtSecret 노드 로컬 생성 — 피어 노드 토큰 검증 불가,,,,,후보,신규 생성 시 '피어 노드에서 검증되지 않습니다' print 뿐(oam_app.py:79-92). CSC 동일 클래스 행과 쌍(OAM 축 부재였음). 기동 1회 판정
,감지,알람,A-PRC-007,config_invalid,warning,MGMT_SVR_01,OAM,1,,config/tls,TLS 비활성 기동(cert 미발견+self-signed 생성 실패) — agent health-gate·게이트웨이 https 전면 붕괴,,,,,후보,"log_info('SSL Disabled') 1줄(oam_app.py:853-856, 생성 실패 :355-378). 기동 1회 판정(sticky)"
공통,정의,알람,A-PRC-003,config_out_of_sync,warning,,,,,config,배포 정본 대비 실행 설정 드리프트,"Running config drifted from deployment baseline (expected {expected}, actual {actual})",의도치 않은 동작·절체/재기동 시 동작 변화,드리프트 원인 확인 후 재실체화 또는 정본 갱신,3GPP 32.111,,
,감지,알람,A-PRC-003,config_out_of_sync,warning,SIG_SVR_01,AGENT,1,MODULE,config,모듈 노드 설정 파일이 배포 기록과 불일치(드리프트),,,,,구현,cfg_hashes(실파일 hash) vs 배포 실체화본 canonical hash — OAM base 평가(check=config_drift). 모듈마다 개별 발화(mo=<host>/<module>/config). 한계: config.json 파싱 실패 시 hash None → 보고 생략(cims_agent.py:739-743) + OAM 도 skip(oam_app.py:1253-1254) — 깨진 설정이 무알람 통과(config/parse 행 참조)
,감지,알람,A-PRC-003,config_out_of_sync,major,SIG_SVR_01,AGENT,1,,net/managed,managed 서비스 IP/route·RPS 소실 — desired 대비 drift(부팅 후 무감지),,,,,후보,"desired 스냅샷 기성(_snapshot_managed_ips :2232-2243·_snapshot_net_tuning :2321-2328) vs collect_interfaces 실측 — 재적용이 부팅 1회뿐(:2245-2269), 이후 소실은 감지·복구·보고 전무. config_drift 와 동일 구조로 판정 즉시 가능. sysfs RPS 는 재부팅 소실"
,감지,알람,A-PRC-003,config_out_of_sync,warning,MGMT_SVR_01,OAM,1,,config/<collection>,HA fan-out 설정 드리프트(그룹 멤버 컬렉션 불일치),,,,,구현,drift_sweeper 300s — 멤버 컬렉션 대조(mo=<그룹명>/config/<collection>). 판정 불가 3연속 close·재도출(reseed)·고아 reap lifecycle 내장
,감지,알람,A-PRC-003,config_out_of_sync,warning,MGMT_SVR_01,OAM,1,,<서버명>/agent,agent 가 VIP 아닌 주소로 OAM 보고(fleet misdirect) — 절체 시 전 fleet 단절,,,,,구현,OAM base 평가(check=oam_url_misdirect). agent heartbeat 의 oam_url vs 그룹 VIP. **VIP 를 실제로 보유한 멤버가 관측된 뒤에만** 판정한다(_agents_not_on_vip) — 개시 전에는 전 agent 가 노드 IP 로 보고하는 것이 정상이라 그때 잡으면 설치 직후부터 상시 경고가 되어 신호가 무의미하다(옛 콘솔 배너가 그 상태였다). 판정 대상은 oam 을 호스팅하는 AS 그룹만(다른 그룹 VIP 와 비교하면 전원 어긋남). agent 별 open/close 라 한 대씩 고치면 그 대상만 닫힌다. 절체 자체는 정상 동작하므로(HA 판정은 노드 로컬) 잃는 것은 관리 가시성. 절체 preflight 의 409 agents_not_on_vip 가드는 별개로 유지.
,감지,알람,A-PRC-003,config_out_of_sync,major,MGMT_SVR_01,OAM,1,,config/<collection>,HA fan-out 전파 실패(sync_txn failed) — 멤버 설정 미반영,,,,,후보,"nack/timeout → status=failed 인데 소비처 log_info 뿐(sync_txn.py:159-190, oam_app.py:1366-1373). 최근 창 failed 존재 open / 전 txn success close. PRC-003 drift(결과 관측)의 전 단계 조기 신호 — code 는 PRC-003 재사용(전파 실패 = 불일치 조건의 원인 축)"
,감지,알람,A-PRC-003,config_out_of_sync,warning,MGMT_SVR_01,OAM,1,,config/<collection>,버전 불일치로 auto-sync 영구 보류(deferred),,,,,후보,"deferred 를 log_info 로만 남기고 매 주기 반복(oam_app.py:1463-1466, handlers/agents.py:2950-2951·:2967). deferred 비지 않음 N회 연속 open(warning) / 정합 성공 close"
공통,정의,알람,A-PRC-008,redundancy_degraded,major~critical,,,,,ha,이중화 실질 소실(승격 불가·VIP 무보유/이중보유·절체 래치·절체 메커니즘 이상),Redundancy degraded: {reason} (no eligible standby / VIP not held or duplicated / failover latched),단일 장애점 상태 — 다음 장애 시 서비스 단절,부적격 사유 해소·VIP/절체 데몬 점검·래치 해제,vIBCF A0063 / X.733,,
,감지,알람,A-PRC-008,redundancy_degraded,major,SIG_SVR_01,AGENT,1,,ha/latch,절체 래치 — 이 노드 승격 영구 불가(운영자 해제 전까지),,,,,후보,"래치 판정·영속 기성(state/ha/latch/<svc>.json — 파일 존재가 정본, 설정 :3325·해제 3경로 :3156/:4315), heartbeat ha_state.latched 로 OAM 전달 중 — 현재 콘솔 배지뿐(ServersPage:2132). heartbeat 기반 평가 규칙 신설. 선행: latched_at/latch_reasons 가 heartbeat 에 안 실림(latched bool 만 :2390) — 메시지에 언제·왜가 못 들어감"
,감지,알람,A-PRC-008,redundancy_degraded,major,SIG_SVR_01,AGENT,1,,ha/eligible/<svc>,STANDBY_INELIGIBLE — 대기 노드 승격 불가(이중화 실질 소실),,,,,후보,"hot readiness+cold preflight+store 3중 판정 기성(cims_agent.py:3245-3256) → ha_state[svc].eligible/state 가 heartbeat 로 이미 도달(agent_api.py:538-541). 평가 규칙 추가만. 콘솔 배지도 latched 만 있어 latch 보다 더 조용한 공백. MAINTENANCE 잔존(EXCLUDE_NODE 해제 망각 — state/ha/maintenance/<svc> 영속·TTL 없음 :3132-3137, planned_release 는 TTL 180s 자가치유 :3110-3130)·start_failed(한 번도 ready 안 됨 :3308-3321 — crash_loop 미커버)도 같은 행의 reason 구분"
,감지,알람,A-PRC-008,redundancy_degraded,critical,SIG_SVR_01,AGENT,1,,ha/keepalived,HA 무장인데 keepalived 미설치/비활성 — VIP 주인 부재(cold 모듈 전 노드 미기동),,,,,후보,"_ha_armed(:3697-3702)+_keepalived_installed(dpkg-query :3687-3693) 판정 기성 — 60s 재설치 루프가 300s 스로틀 print 만(:3716-3738, 실측 사고 주석 :3674-3681). heartbeat 필드 + rule 신설. keepalived 서비스 비활성/VIP 미보유(_health_check_ha :839-888 — on-demand 만)·stale MASTER(role=MASTER 인데 VIP 미보유 → 무로그 BACKUP 재판정 :3062-3063, dual-active 직전)·HA 판정 얼림(CIMS_HA_DISABLE :2608-2623 — 자동 절체 전면 정지가 OAM 에 안 보임) 을 reason 구분으로 포함"
,감지,알람,A-PRC-008,redundancy_degraded,critical,MGMT_SVR_01,OAM,1,,store/lease,관리 store 소유권 리스 상실/획득 실패/펜싱(epoch_fenced) — read-only 강등·agent 계열 판정 정지,,,,,후보,"획득 실패 read-only 기동은 log_error 뿐(oam_app.py:625-636), 런타임 상실 감지·재획득 루프 기성(lease.py, oam_app.py:1559-1578 — 게이트가 10개 sweeper 전부 continue). 정지 범위는 base 한정 — oam-svc 서비스 알람(PRC-004/COM-001/QOS-001)은 리스 게이트가 없어 계속 발화(구 서술 '전 알람 판정 정지' 정정). 상실 중 무알람 = 감지 불능 위장. read-only 로그 60s 1줄"
,감지,알람,A-PRC-008,redundancy_degraded,critical,MGMT_SVR_01,OAM,1,,ha/g<gid>/vip,VIP 무보유/이중보유 — 서비스 주소 부재 또는 split-brain,,,,,후보,"holders 계산 기성(ha_lookup.py:79-113 — 0명·2명을 전부 active=None 으로 뭉갬, 호출 oam_app.py:1442-1450 60s 주기라 스위퍼 추가 불요). len(holders)==0 N회 연속 open(critical — 주소 부재) / ==2 open(major — split-brain) / ==1 close. 그룹마다 개별 발화"
,감지,알람,A-PRC-008,redundancy_degraded,major,MGMT_SVR_01,OAM,1,,ha/g<gid>/excluded,모듈이 이중화 대상에서 조용히 제외(ha_excluded) — 이중화되는 줄 아는 착시,,,,,후보,_lease_precondition_unmet 결과를 콘솔에만 노출(handlers/ha_groups.py:1355-1366 — 주석 자체가 실측 사고 언급). _excl 비어있지 않음 open / 비면 close. 모듈마다 개별 발화. AGENT redundancy_degraded(ha/eligible — 노드 자격 축)와 클래스 통일 — 이쪽은 그룹 구성 축
공통,정의,알람,A-PRC-009,cert_expiring,warning,,,,,cert,TLS/mTLS 인증서·키 자재 만료 임박/회전 실패,Certificate {name} expires in {days} days (threshold {threshold} days) or rotation failed,만료 시 접속·상호인증 전면 실패 예고,인증서 재발급/회전 경로 점검,X.509 운영 관례,,
,감지,알람,A-PRC-009,cert_expiring,warning,SIG_SVR_01,AGENT,1,,cert,agent mTLS 인증서 회전 실패 — 구 cert 로 무한 재시도(조용한 만료 진행),,,,,후보,rotate_mtls_cert 가 status≠200/필드 누락 시 print 만(:4928-4950) — OAM cert_rotate_pending 유지로 매 heartbeat 재요청 무한 루프. 실패 연속 카운터 + heartbeat 필드. OAM 측 만료 임박 관측은 OAM cert 행 — 이 행은 agent 감지 주체 축
,감지,알람,A-PRC-009,cert_expiring,warning,MGMT_SVR_01,OAM,1,AGENT,cert/<agent>,agent mTLS 인증서 만료 임박/회전 실패,,,,,후보,"만료 30일 내 cert_rotate_pending 플래그만 설정(oam_app.py:1087-1112 — 이미 pending 이면 skip :1096, 재시도·에스컬레이션 없음)·heartbeat 응답 cert_rotate:true 로만 전달(agent_api.py:597-598) — agent 미호출 시 OAM 에 흔적 없음. 단계 임계(warning→critical) 자연. agent 측 회전 실패 축은 AGENT cert 행"
,감지,알람,A-PRC-009,cert_expiring,warning,SIG_SVR_01,CSP,1,,cert/<proto:port>,SIP TLS 인증서 만료 임박 — 접속점 단위. 파일 안의 전 인증서 중 가장 이른 만료 기준(체인 PEM 이면 CA 만료도 포함). 30일 이하 warning / 7일 이하 critical,,,,,구현,CspListenerManager::CheckCertExpiry() — 기동 직후·SIGUSR1 reload·1시간 주기로 평가(CspServer.cpp). 만료된 인증서는 **로드는 되므로** A-PRC-012(개설 실패)로는 잡히지 않는다 — 별 축이 필요한 이유. bootstrap 이 연 접속점(ListenerManager 소유 아님)의 인증서도 대상에 포함한다. 임계 초과면 close 로 자연 회수. ⚠인증서 경로는 기동 캡처 항목이라 교체 반영에 CSP 재기동이 필요하다
공통,정의,알람,A-PRC-010,observability_lost,major,,,,,fm,알람/이벤트 자기보고·관측 파이프라인 공백(보고 두절·수집 불능·카탈로그 무력화),Observability lost: {detail} — alarm/event reporting pipeline is silent,"""알람 없음""이 ""감지 불능""을 의미하게 됨",보고 경로/수집기 상태 확인 — 침묵을 정상으로 오인 금지,X.733,,
,감지,알람,A-PRC-010,observability_lost,major,SIG_SVR_01,AGENT,1,,net/collect,ip -j 수집 실패 — interfaces[] 빈 배열 위장(절체 판정 오염),,,,,후보,"_ip_json 이 rc≠0/파싱 실패 시 None → 호출자가 빈 배열 반환(cims_agent.py:291-323, :339-340, :385-386) — heartbeat 가 정상값처럼 상행, OAM vip_observation 이 heartbeat interfaces 기반이라 계획 절체·auto-sync 판정 오염(oam 측 :5027-5029 주석). 실패 마커 필드 + rule 신설. base deps 미완비(_base_deps_ok :2351-2361 — ip 깨짐의 원인, 300s 재시도 판정 기성·보고 없음)도 reason 포함"
,감지,알람,A-PRC-010,listener_unavailable,major,MGMT_SVR_01,OAM-SVC,1,,fm_ingest,FM 수신 채널 불능(기동 실패·수신 스레드 사망) — 전 모듈 자기보고 침묵,,,,,후보,"start() 예외 시 ingest 없이 정상 기동(log_error 뿐 — oam_svc_app.py:320-325/oam_app.py:1136-1137), 소켓 OSError 시 스레드 조용히 종료·재기동 없음(fm_ingest.py:135-136 break). 자기 상태라 health 필드 + 자체 발화 경로 병행 필요. 카탈로그 보존 실패(fm_ingest.py:198-199 log_error 만 — 재기동 후 그 노드 전량 UNKNOWN_CODE 의 원인 경로)도 params 포함"
,감지,알람,A-PRC-010,observability_lost,warning,MGMT_SVR_01,OAM-SVC,1,,fm_catalog/<node>,모듈 자기보고 무력화(빈 카탈로그 등록·UNKNOWN_CODE·UNREGISTERED 거절 반복) — 해당 노드 자기보고 전량 거부,,,,,후보,빈 카탈로그도 정상 수용(_on_register — alarms or []) 후 FM_ALARM 전량 UNKNOWN_CODE 거절 — 카운터/로그 0(fm_ingest.py:214-216). 미등록/boot_id 불일치 UNREGISTERED 거절도 동일 무관측(:166-170). 노드별 거절 누적 임계 전이. 배포 버전 스큐의 전형 신호
,감지,알람,A-PRC-010,observability_lost,warning,MGMT_SVR_01,OAM-SVC,1,CMP,,관측 대상 공백(CMP endpoint 미설정) — CMP 관측 통째 비활성,,,,,후보,"판정식은 Endpoints or CmpIp(alarm_sweeper.py:228-229 — CmpIp 만 있어도 활성, 구 서술 'Endpoints 공집합' 정정). 공집합이면 rtp/PRC-004 평가 skip + 열린 cmp 계열 stale reap close(:276-288) — 설정 소실이 '알람 정리'로 위장. 기동 경고(oam_svc_app.py:171-177)도 MediaServer 는 제외"
,감지,알람,A-PRC-010,observability_lost,warning,MGMT_SVR_01,OAM-SVC,1,,alert_sweep,ServiceLogging.Dir 미설정 — 서비스 알람 스위퍼+FM ingest 전면 비활성,,,,,후보,"Dir 없으면 FM ingest 미기동 + 서비스 알람 스위퍼 disabled 가 log_info 1줄(oam_svc_app.py:320, :327-331, :336). 기동 1회 판정(sticky). CMP 행(관측 대상 공백)과 별개 축 — 이쪽은 관측 기능 자체의 비활성"
,감지,알람,A-PRC-010,observability_lost,major,MGMT_SVR_01,OAM,1,AGENT,metric,metric blackout — heartbeat 는 오는데 metric 없음(그 호스트 전 규칙 미평가),,,,,후보,if not metric: continue 로 disk/module/drift/ha_flap 전 규칙 미평가(oam_app.py:1327-1329) + 그 호스트 열린 알람 auto-close(:1336-1345) — offline 마킹조차 안 되는 별개 사각. online 인데 최신 metric 없음 N주기 전이. connection_lost(AGENT 두절)와 분리(hb 정상 축)
공통,정의,알람,A-QOS-004,overload,major,,,,,overload,과부하 방어(유입 차단/강등) 발동,Overload protection active: {rejected} requests rejected in last {window}s,신규 요청 일부 거절 중 — 용량 초과 유입,유입 원인 확인·용량/제한값 조정,vIBCF A0057,,
,감지,알람,A-QOS-004,overload,major,SIG_SVR_01,CSP,1,,overload,제어평면 과부하 — 신규 요청 차단 발동,,,,,후보(선행 필요),과부하 감지/차단 로직 자체가 미구현. 현재 프록시 지표는 로그 drop 카운터와 CMP 요청 타임아웃율(카운터 신설 필요)뿐. route max_concurrent_calls/cps_limit 는 파싱만 되고 사용처 없음(CspRouteMap.cpp:51-52)
공통,정의,알람,A-QOS-005,resource_exhausted,major,,,,,queue/<name>,프로세스 내부 큐 포화·drop 지속,Internal queue {queue} saturated: {dropped} dropped ({used}/{size}),메시지/작업 유실 진행 중,소비 지연 원인(I/O·하류 시스템) 확인,vIBCF A0030·A0089,,
,감지,알람,A-QOS-005,resource_exhausted,minor,MED_SVR_01,CMP,1,,log_queue,로그 큐 포화 — 오래된 줄 폐기 지속(msg seq↔줄번호 상관 파괴),,,,,후보,큐 상한 20만(kCmpLogMaxQueue :30) 초과 시 가장 오래된 줄 pop_front 폐기(:2322-2326) — writeMsgLine 의 seq(:2178-2180)가 줄번호 기반이라 앞줄 폐기 후 전 구간 오독(단순 유실이 아님). _logDropped 는 선언(PCmpServer.h:189)·증가(:2325)뿐 getter/STATS 전무 — 노출 + 증가율 지속 전이
,감지,알람,A-QOS-005,resource_exhausted,minor,MED_SVR_01,CMDP,1,,log_queue,서비스 로그 큐 drop 지속 — fopen 성공 경로의 유실 사각,,,,,후보,_logDropped 증가(PCmdpServer.cpp:1176-1179)·STATS 노출(:488) 기성 — NFS 지연으로 writer 가 느려지면 쓰기 실패 알람은 안 열린 채 로그만 유실. 증가 T초 지속 open / T초 무증가 close
,감지,알람,A-QOS-005,resource_exhausted,minor,SUB_SVR_01,CSC,1,,log_queue,service_log writer 큐 백로그/drop 지속,,,,,후보,"_LOG_MAX_QUEUE=200000·_dropped_logs 소비자 0(logger.py:34, :40, :49-52) — NFS 지연으로 open 은 되는데 소비가 못 따라가는 축(쓰기 실패 행과 분리). 큐 점유율/drop 증가율 임계 전이"
공통,정의,알람,A-COM-001,connection_lost,critical,,,,DB,db,서비스 DB 연결 두절,"DB connection lost (host={host}, port={port}, db={db})",DB 의존 기능 전면 저하(가입자/설정/이력),연결성·DB 서버·인증 확인,vIBCF A0003(연결 축),,
,감지,알람,A-COM-001,connection_lost,critical,SIG_SVR_01,CSP,1,DB,db,"DB connection lost(IP, Port, database, user)",,,,,구현,"전용 probe 연결 mysql_ping — 10s 주기·timeout 3s, 3연속 실패 시 down 전이 / 응답 복구 시 close (DbManager.cpp:123-190 HealthProbeLoop, 훅 CspServer.cpp:315). bUp 초기값 true 라 부팅 직후 DB 부재도 3틱 뒤 open 발화"
,감지,알람,A-COM-001,connection_lost,critical,SUB_SVR_01,CSC,1,DB,db,"DB connection lost(IP, Port, database, user)",,,,,구현,"DbHealthProbe — pymysql 전용 연결 10s 주기, 3연속 실패 전이 / 복구 close(fm_reporter.py:274-313). 한계 3건: ①CimsDatabase.Host 빈값이면 판정 보류 — DB 미구성이 무알람(설정 행 참조) ②Host 가 도중 빈값이 되면 fail 미리셋·close 경로 없음 — open 고착 ③import pymysql 이 run() 본문 첫 줄(:275) — vendor 누락 시 probe 스레드 즉사 → 영구 무알람(worker/db_probe 행 참조)"
,감지,알람,A-COM-001,connection_lost,critical,MGMT_SVR_01,OAM-SVC,1,DB,,서비스 DB 연결 끊김(<관리그룹>/db),,,,,구현,"DB SELECT 1 probe(check=db_down). 모듈 관점 DB 알람(<서버명>/<mod>/db, detected_by=self)과 별개 관측"
공통,정의,알람,A-QOS-023,threshold_crossed,warning,,,,,ha/<svc>,keepalived(VIP) 상태 전이 빈도 임계 — VIP flap 의심(전이 개별 건은 이벤트),HA transitions for {svc}: {count} in last 10min (threshold {threshold}),VIP 반복 이동 — 해당 서비스 간헐 단절,헬스체크 포트/모듈 상태·keepalived notify 로그 점검,vIBCF A0063 / X.733,,
,감지,알람,A-QOS-023,threshold_crossed,warning,SIG_SVR_01,AGENT,1,,ha/flap,keepalived 상태 전이 빈도 임계(기본 6회/10분) — VIP flap 의심,,,,,구현,"cims-notify 로그 tail 10분 집계(metric.ha_transitions) → OAM base 평가(check=ha_flap). 한계: tail 32KB(:697)+최근 200줄(:702) 상한 — 초과 시 과소집계, 로그 디렉터리 부재 시 {} 반환(:686-688) → 미보고가 auto-close 경로로 '해소' 위장. 개별 전이 이벤트화는 ha_role_changed 행"
공통,정의,알람,A-COM-015,connection_lost,critical,,,,AGENT,agent,관리 에이전트(노드) 관측 두절 — heartbeat/metric 무수신,Agent on {node} unreachable — node observation lost,노드 관측 불능 — 그 노드의 L1 알람은 판정 불가(두절을 정상 해소로 위장하지 않기 위한 별도 알람 — 파이프라인 §9),노드 전원/네트워크/agent 프로세스 확인,X.733 / 파이프라인 §9,,
,감지,알람,A-COM-015,connection_lost,critical,MGMT_SVR_01,OAM,1,AGENT,,agent 관측 두절(heartbeat 미수신) — 해당 노드 전체 관측 공백,,,,,구현,"A-COM-015(check=agent_lost, mo=<서버명>/agent) — 스윕마다 agent 스토어의 비-revoked 노드 중 이번 스윕 관측(online+metric)이 없는 노드에 open, 복귀 시 close. 두절 노드의 열린 agent 알람은 '판정 불가' 메시지로 종결(파이프라인 §9 — 정상 해소 위장 방지). agent 스토어 공백(절체 직후 standby)이면 무판정. 잔여: stale metric(hb 정상·metric 갱신 정지)은 jsonl_last 가 옛 metric 을 반환해 미검출 — observability_lost(metric) 후보와 분담"
공통,정의,알람,A-PRC-021,listener_unavailable,minor,,,,,monitor,운영 조회(monitor) 접속점 개설 실패 — 모듈 공통 운영 인터페이스(상태/세션 조회) 영구 불가,Monitor listener unavailable: {port} ({error}),운영 조회·진단 불가(서비스 영향 없음),포트 점유/설정 확인,X.733,,
,감지,알람,A-PRC-021,listener_unavailable,minor,SIG_SVR_01,CSP,1,,monitor,Monitor(운영 조회) TCP 포트 개설 실패 — MC_CALL_MAP_LIST 등 운영 조회 영구 불가,,,,,후보(선행 필요),"open 실패 지점이 ext/psip(ServerThread.cpp:18-26 — 실패해도 무효 소켓으로 poll 지속), StartMonitorServerThread 는 스레드 생성 성공만 반환(:67-84), 호출 CspServer.cpp:466-469. OAM STATS probe(4421)와 별개 경로라 L3 미검출. 코드가 csp/ 밖(ext)이라 우선순위 낮음"
공통,정의,알람,A-PRC-022,storage_failure,major,,,,DB,db/query,DB 쿼리 지속 실패(권한/스키마/락 — 연결 probe 는 정상),"DB queries failing ({error}, {count} consecutive) — connection alive",연결 알람 없이 DB 의존 기능 실질 실패(A-COM-001 상보),권한/스키마/락 원인 확인,X.733,,
,감지,알람,A-PRC-022,storage_failure,major,SIG_SVR_01,CSP,1,DB,db/query,DB 쿼리 지속 실패(권한/스키마/락) — 연결은 정상,,,,,후보,ExecuteQuery/ExecuteSelect 단일 지점의 연속 실패율 임계 전이(DbManager.cpp:196-211). mysql_ping probe 로는 검출 불가한 구간 — COM-001 과 상보
,감지,알람,A-PRC-022,storage_failure,major,SUB_SVR_01,CSC,1,DB,db/query,DB 쿼리 지속 실패(권한/스키마/락) — 연결 probe 는 정상,,,,,후보,"probe(ping)가 못 잡는 구간 — COM-001 상보. _get_db 2곳(admin.py:32, org.py:23) 단일화 + 연속 실패 카운터"
공통,정의,알람,A-QOS-028,threshold_crossed,minor,,,,,host/iface/<name>,NIC 오류 카운터(rx/tx errors) 증가율 임계,NIC {iface} error rate is {observed}/s (threshold {threshold}),전송 품질 저하 진행(케이블/드라이버/스위치 이상),링크/드라이버/스위치 포트 점검 — 인터페이스마다 개별 발화,X.733,,
,감지,알람,A-QOS-028,threshold_crossed,minor,SIG_SVR_01,AGENT,1,,iface/<name>,NIC 오류 카운터(rx_errors/tx_errors) 증가율 임계,,,,,후보,"/proc/net/dev 수집·per_iface[] 저장 완비(cims_agent.py:561-563, whitelist agent_api.py:840) — 누적 카운터라 delta 로 rate 화 + rule 추가. rx_rate/tx_rate(Bps, :566-574)도 동일 경로 — 미디어 노드 무트래픽/폭주 판정"
공통,정의,알람,A-QOS-029,threshold_crossed,minor~major(단계),,,,,proc/<module>,모듈 프로세스 자원(CPU/RSS) 단계 임계 — 호스트 축(A-QOS-001)과 별개,"Process {module} resource usage: {metric} {observed} (MAJ:{maj}, MIN:{min})",해당 모듈 처리 지연·OOM kill 전조,원인(누수/부하) 확인 — 모듈마다 개별 발화,X.733,,
,감지,알람,A-QOS-029,threshold_crossed,minor~major,SIG_SVR_01,AGENT,1,MODULE,proc,모듈 단위 CPU/RSS 임계(modules[].cpu_pct·mem_mb),,,,,후보,/proc/<pid>/stat·statm 수집·저장 완비(cims_agent.py:792-796) — rule 추가만(mo=<host>/<module>). host 축(cpu|mem 행)과 별개 — csc OOM 실측의 직접 선행 지표
공통,정의,이벤트,E-STC-001,lifecycle,-,,,,,,event=process_started. 기능 프로세스 기동 완료,Process {module} started on {node} (version {version}),,,X.731,,
,감지,이벤트,E-STC-001,process_started,-,SIG_SVR_01,CSP,1,,,CSP 기동 완료,,,,,구현,"kind=stateChange. 기동 완료 시 1회 발신, 미등록 구간 32건 버퍼 후 flush (CspServer.cpp:364)"
,감지,이벤트,E-STC-001,process_started,-,MED_SVR_01,CMP,1,,,CMP 기동 완료,,,,,구현,kind=stateChange. 기동 완료 시 발신(PCmpServer.cpp:150)
,감지,이벤트,E-STC-001,process_started,-,MED_SVR_01,CMDP,1,,,CMDP 기동 완료,,,,,구현,kind=stateChange (PCmdpServer.cpp:146)
,감지,이벤트,E-STC-001,process_started,-,SUB_SVR_01,CSC,1,,,CSC 기동 완료,,,,,구현,kind=stateChange (csc_app.py 기동 완료 시)
공통,정의,이벤트,E-STC-002,lifecycle,-,,,,,,event=process_stopping. graceful 종료 시작,Process {module} stopping (graceful shutdown initiated),,,X.731,,
,감지,이벤트,E-STC-002,process_stopping,-,SIG_SVR_01,CSP,1,,,CSP 종료 시작(graceful),,,,,구현,kind=stateChange. SIGTERM graceful 종료 진입 시 발신 (CspServer.cpp:515)
,감지,이벤트,E-STC-002,process_stopping,-,MED_SVR_01,CMP,1,,,CMP 종료 시작(graceful),,,,,구현,kind=stateChange. SIGTERM 처리(PCmpServer.cpp:195). SIGINT/SIGQUIT 미처리 — 유실. SIGTERM 등록이 startServer 이후(PMain.cpp:32→:39)라 기동 중 도착분도 유실
,감지,이벤트,E-STC-002,process_stopping,-,MED_SVR_01,CMDP,1,,,CMDP 종료 시작(graceful),,,,,구현,kind=stateChange. SIGTERM 처리(PCmdpServer.cpp:152). SIGTERM 만 등록(PMain.cpp:37)이고 등록이 startServer 이후(:31→:37)라 SIGINT/SIGQUIT 및 기동 중 SIGTERM 은 유실
,감지,이벤트,E-STC-002,process_stopping,-,SUB_SVR_01,CSC,1,,,CSC 종료 시작(graceful),,,,,구현,"kind=stateChange. SIGTERM 처리(csc_app.py:325 — SIGTERM 만 등록, SIGINT/SIGQUIT 종료는 유실)"
공통,정의,이벤트,E-STC-009,lifecycle,-,,,,,,event=process_died. 프로세스 소멸 전이 관측 — SIGKILL 등 자기보고(process_stopping) 유실 종료의 보완(L1 관측),Process {module} died on {node} (termination observed),,,X.731,,
,감지,이벤트,E-STC-009,process_died,-,SIG_SVR_01,AGENT,1,MODULE,,모듈 프로세스 소멸 전이 관측(SIGKILL 등 자기보고 유실 보완),,,,,구현,kind=stateChange. metric 동반 module_events → OAM event_log 기록(agent_api.py:862). 한계: _PREV_RUNNING_MODULES 가 in-memory(cims_agent.py:746) — agent 재기동 후 첫 tick 전이 미탐 + metric 주기(2s) 내 죽었다 살면 유실
공통,정의,이벤트,E-STC-008,config_changed,-,,,,,,"event=config_reloaded. 설정 재적재 완료(반영 범위, 건수) — 시스템 반영(actor 없음, kind=stateChange)",Configuration reloaded: {scope} ({count} entries applied),,,X.730,,
,감지,이벤트,E-STC-008,config_reloaded,-,SIG_SVR_01,CSP,1,,,"설정 재적재 완료(collection, 반영 건수)",,,,,후보,kind=stateChange. SIGUSR1 reload 완료 시점(CspServer.cpp:442-465). wire 규격은 alarm_self_reporting §3.1 예시로 이미 정의. 동반 결함: 무인자 Read() 의 scalar 재적재는 항상 무동작(설명서 CSP 절 결함 1)
,감지,이벤트,E-STC-008,config_reloaded,-,SUB_SVR_01,CSC,1,,,설정 재적재 완료(SIGUSR1),,,,,후보,kind=stateChange. csc_app.py:127-142 — 재적재 실패 연속은 알람으로 분리
공통,정의,이벤트,E-STC-003,ha_transition,-,,,,,,"event=ha_role_changed. HA 역할 전이(active↔standby, from/to)",HA role changed: {from} -> {to} (service {svc}),,,vIBCF S3003,,
,감지,이벤트,E-STC-003,ha_role_changed,-,SIG_SVR_01,CSP,1,,,HA 역할 전이(active↔standby),,,,,후보,"kind=stateChange. VIP 소유 변화로 3s 주기 판정하는 전이 훅 기성(m_bLastActiveRole — CmpClient.cpp:940-957, 매 audit cycle ResolveActiveRole :1002)"
,감지,이벤트,E-STC-003,ha_role_changed,-,SIG_SVR_01,AGENT,1,,,"HA 역할 전이(svc, from, to)",,,,,후보,"kind=stateChange. 훅 지점은 _EVAL_PREV_ROLE 대입 직후(cims_agent.py:3169-3170)에 전 방향 비교 신설 — 기존 _update_promotion_grace(:3167-3189)는 승격 엣지만 처리(강등·BACKUP↔FAULT 훅 없음, in-memory 라 재기동 시 초기화). 관측 정본은 _current_role(:3043-3067 — role 파일+VIP 실보유, notify 유실 내성). module_events 의 node_events 일반화 선행. 절체 사후분석 기본 이력"
공통,정의,이벤트,E-STC-004,ha_transition,-,,,,,,"event=ha_switchover. 절체 사건(group, from, to) + 계획 절체 실패",HA switchover on group {group}: {from} -> {to} ({result}),,,vIBCF S3001~3,,
,감지,이벤트,E-STC-004,ha_switchover,-,MGMT_SVR_01,OAM,1,,,"HA 절체 감지(group, from, to) + 계획 절체 실패(FAILED)",,,,,후보,"kind=stateChange. auto-sync 실측 active 변경 감지가 log_info 만(oam_app.py:1445-1450) — 개별 절체 사건이 이벤트 스트림에 없음(빈도 임계 ha_flap 알람만 존재). 계획 절체 실패도 record+log_info 뿐(sweep_ha_operations handlers/ha_groups.py:2175-2202 — state=FAILED) — 함께 기록, FAILED 지속은 알람 후보"
공통,정의,이벤트,E-AUD-002,admin_action,-,,,,,,event=node_maintenance. 운영 개입 전이(수동 차단/정지/해제·HA 판정 얼림),Node maintenance {action} on {node} by {actor},,,vIBCF A0023,,
,감지,이벤트,E-AUD-002,node_maintenance,-,SIG_SVR_01,AGENT,1,,,"운영 개입 상태 전이(maintenance 설정/해제, 서버별 정지 오버라이드, HA 판정 얼림)",,,,,후보,kind=audit. EXCLUDE_NODE/maintenance 파일(:3132-3137)·run/ha/desired.json 오버라이드(:3822-3863)·CIMS_HA_DISABLE 마커(:2612-2623) — 전부 노드 로컬 파일이 유일 정본이라 '잊힌 정지'가 OAM 에 안 보임. 설정/해제 시점 이벤트 + 잔존 지속은 redundancy_degraded(ha/eligible) 행
공통,정의,이벤트,E-AUD-003,admin_action,-,,,,,,"event=service_control. 기동/정지/재기동 제어 감사(actor, ip)",Service {module} {action} by {actor} from {ip},,,X.740,,
,감지,이벤트,E-AUD-003,service_control,-,MGMT_SVR_01,OAM,1,,,"서비스 제어 감사(actor, ip, service, action)",,,,,구현,kind=audit. 콘솔/API start·stop·restart 시 기록(service_control.py:49)
공통,정의,이벤트,E-AUD-004,security_audit,-,,,,,,"event=auth_audit. 관리 접근 감사(로그인 실패, 권한 거부)",Auth audit: {action} for user {user} from {ip} ({result}),,,X.740,,
,감지,이벤트,E-AUD-004,auth_audit,-,MGMT_SVR_01,OAM,1,,,"인증 감사(로그인 실패, 역할 거부, HA join 토큰 오사용)",,,,,후보,"kind=audit. 현재 전부 4xx 응답뿐 — 실패 카운터/lockout/이벤트 전무(auth.py:179-206, oam_join.py:172-183). service_control 의 actor/actor_ip 템플릿 재사용. 동일 IP/계정 반복 실패 임계는 알람 후보"
CSCF,정의,알람,A-COM-002,connection_lost,critical,,,,CSC,csc,가입자 원천(CSC — HSS 역할/가입자 DB) 연결 두절,"Subscriber source (CSC) connection lost (host={host}, port={port})",신규 등록·인증·프로파일 조회 전면 실패,원천 연결성/서버 상태 확인·폴백 모드 여부 확인,TS 24.229(HSS 상당) / vIBCF A0061,,
CSCF,정의,알람,A-PRC-011,storage_failure,major,,,,DB,db/reload,가입자/프로파일 재적재 실패 지속(연결은 정상),Subscriber/profile reload from DB failing ({error}; last success {last_ok}),stale 데이터로 서비스 — 프로비저닝 미반영,쿼리 실패 원인(권한/스키마) 확인·수동 재동기,TS 24.229(HSS 상당),,
,감지,알람,A-PRC-011,storage_failure,minor,SIG_SVR_01,CSP,1,DB,db/reload,가입자/그룹 전량 재적재 실패 — 프로비저닝 반영 정지(맵 stale),,,,,후보,그룹만 60s 주기 재적재(CspServer.cpp:499-505 + GroupCallService.cpp:1090-1098 — 같은 60s 에 2곳 중복 실행) 연속 실패 전이. 가입자 LoadAllUsers 는 주기 호출자 없음 — 기동 1회(CspServer.cpp:337)와 CSC_RESTART(CscInterface.cpp:281)뿐이라 가입자 축은 주기 재적재 신설 선행. 호출자 전부 반환값 무시
,감지,알람,A-PRC-011,storage_failure,major,SUB_SVR_01,CSC,1,DB,db/reload,가입자/그룹 전량 적재 실패 — 빈 캐시로 서비스(더미 데이터가 장애 은폐 중),,,,,후보(선행 필요),"DB 실패→파일 폴백→빈 맵 silent(mcptt.py:263-264, :369-370) + 더미 가입자/그룹 주입이 장애 위장(csc_app.py:242-249 — Data 게이트 밖이라 설정 미적용 시에도 실행되어 두 장애 동시 위장, 제거 필요). 주기 재적재가 없어 close 전이 불가 — 주기 태스크 신설 선행. 근거 확대: 장애 없어도 캐시 stale 상시 — admin CUD 가 USERS/GROUPS 메모리 미갱신(admin.py:890-971 등)·GMS PUT 이 DB 미반영(mcptt.py:1509-1526 — 재기동 시 소실) → 주기 재적재가 장애 대응 겸 정합 수단"
CSCF,정의,알람,A-PRC-012,listener_unavailable,major,,,,,listener/<proto:port>,SIP 접속점(UDP/TCP/TLS) 개설 실패·TLS 인증서 로드 실패 — 접속점 단위 격리 발화(다른 접속점은 서비스 지속),SIP listener unavailable: {proto}:{port} ({error}),해당 접속점 수용 불가(일부 단말/대국 접속 단절),포트 점유/인증서/설정 확인 — 접속점마다 개별 발화,TS 24.229,,
,감지,알람,A-PRC-012,listener_unavailable,major,SIG_SVR_01,CSP,1,,listener/<proto:port>,"SIP 리스너 개설 실패(proto, port) — TLS 인증서 로드 실패 포함. 해당 접속점만 서비스 불가",,,,,구현,리스너 Sync add 실패 전이(CspListenerManager.cpp). 리스너마다 개별 발화·설정 reload 마다 재평가되어 open/close 자연. remove 실패(:170-172)는 스택 잔존+관리목록 제거로 유령 리스너 발생 — 같은 클래스에 params op=remove 로 흡수(폐쇄 대상 접속점 잔존이라 보안 영향이 add 실패보다 큼)
CSCF,정의,알람,A-COM-003,connection_lost,major,,,,PEER,peer/<node>,인접 노드(타 CSCF/트렁크/게이트웨이) keepalive(OPTIONS) 무응답,Peer {peer} unreachable: OPTIONS keepalive timeout ({fails} consecutive),해당 경로 호 소통 불가 — 죽은 경로로 라우팅 지속 위험,대국 상태/네트워크 확인·라우팅 우회 확인,vIBCF A0061·F400E·타입80,,
,감지,알람,A-COM-003,connection_lost,major,SIG_SVR_01,CSP,1,PEER_01,peer/<remote_node>,트렁크/IBCF peer 두절(remote_node) — 해당 경로 호 소통 불가,,,,,후보(선행 필요),"감지 코드 없음 — MarkAlive/MarkFail 호출자 0건, RouteRuntime.alive 항상 true(CspRouteMap.cpp:148/164, 기본값 CspRouteMap.h:45). OPTIONS keepalive 프로버 신설 선행"
CSCF,정의,알람,A-COM-004,connection_lost,major,,,,DNS,dns,DNS/ENUM 해석 기능 상실 — 리졸버 무응답·해석 실패 지속(원인 불문),"DNS/ENUM resolution failing (server={server}, {fails} consecutive)",도메인 기반 라우팅·번호 변환 불가,리졸버/DNS 서버 상태 확인,TS 24.229,,
CSCF,정의,알람,A-QOS-006,threshold_crossed,minor~critical(단계),,,,,calls/success_rate,호 성공률 하한 단계 임계 — 최종 응답 코드별 카운터 기반(로컬 타임아웃 합성 응답 포함 필수),"Call success rate is {observed}% (CRI:{crit}, MAJ:{maj}, MIN:{min})",다수 호 실패 진행 중 — 원인 불문 서비스 품질 저하,실패 응답 코드 분포·flow 로그로 원인 축 식별,vIBCF A0075~77,,
,감지,알람,A-QOS-006,threshold_crossed,minor~critical(단계),SIG_SVR_01,CSP,1,,calls/success_rate,"Call success rate is {observed}% (CRI:{crit}, MAJ:{maj}, MIN:{min})",,,,,구현,"스택 카운터(CSipStackCounter — INVITE 최종응답 수신+송신 합산, 와이어에 없는 로컬 합성 408 Timer B/Ring timeout·660 connect error 포함: RecvResponse 팬아웃 계측)를 SipStatsMonitor 가 EvalSec(기본 60s) 윈도우 차분 평가. 유효=2xx/3xx+486/487/603(사용자 행위), 챌린지 401/407 분모 제외(NER 계열·E.425 준용). 분모<MinFinals(기본 20)면 무판정. 임계 Setup.SipStats.CallRate*(기본 90/70/50, SIGUSR1 반영). 단계 승격/완화=severity 동반 open 재통지 → OAM action=change"
CSCF,정의,알람,A-QOS-007,threshold_crossed,minor~critical(단계),,,,,reg/success_rate,등록 성공률 하한/등록 실패 급증,"Registration success rate is {observed}% (CRI:{crit}, MAJ:{maj}, MIN:{min})",단말 대량 이탈·착신 불가 확산,인증 실패/원천 장애/네트워크 축 구분,vIBCF A0075 준용(REGISTER 축),,
,감지,알람,A-QOS-007,threshold_crossed,minor~critical(단계),SIG_SVR_01,CSP,1,,reg/success_rate,"Registration success rate is {observed}% (CRI:{crit}, MAJ:{maj}, MIN:{min})",,,,,구현,"REGISTER 최종응답(수신+송신) 유효율 — 유효=2xx, 챌린지/협상 401/407/423 분모 제외. 산식/윈도우/설정 관례는 A-QOS-006 과 동일(Setup.SipStats.RegRate*)"
CSCF,정의,알람,A-QOS-008,threshold_crossed,minor~critical(단계),,,,,sessions,동시 세션 사용률 단계 임계(수용 상한 대비),"Concurrent session usage is {observed}% of limit {max} (CRI:{crit}, MAJ:{maj}, MIN:{min})",상한 도달 시 신규 호 전면 거절,유입 조절·용량 증설·상한 재산정,vIBCF A0059,,
CSCF,정의,알람,A-QOS-009,threshold_crossed,minor~critical(단계),,,,,cps,신호 유입 rate(CPS) 단계 임계,"Signaling inflow is {observed} CPS (CRI:{crit}, MAJ:{maj}, MIN:{min})",처리 지연·과부하 진입 전조,유입원 확인·과부하 제어 준비,vIBCF A0058,,
,감지,알람,A-QOS-009,threshold_crossed,minor~critical(단계),SIG_SVR_01,CSP,1,,cps,"Signaling inflow is {observed} CPS (CRI:{crit}, MAJ:{maj}, MIN:{min})",,,,,구현,"신규 INVITE(To tag 부재, 트랜잭션 dedup 후) 유입의 윈도우 평균 rate — 상한 단계 임계 Setup.SipStats.Cps*(기본 0=off — 수용량 종속, 배포별 설정). route 별 cps_limit 강제는 별개 미구현(overload 행 참조)"
CSCF,정의,알람,A-QOS-010,resource_exhausted,major,,,,,dialogs,다이얼로그/트랜잭션 자원 고갈,Dialog/transaction resources exhausted ({used}/{max}),신규 호 수용 불가,세션 누수/폭주 원인 확인,vIBCF F4009·F400A,,
CSCF,정의,알람,A-QOS-011,threshold_crossed,minor,,,,,sip/rx_error,SIP 수신 이상(파싱 실패·규격 위반) 급증 — 경계(IBCF) 접속점 포함,SIP receive errors surging: {count} malformed/invalid messages in {window}s (top source {ip}),피어 오동작/공격/호환성 문제 진행,소스 IP 분포 확인·차단/억제 검토,vIBCF A0081·F4002,,
,감지,알람,A-QOS-011,threshold_crossed,minor,SIG_SVR_01,CSP,1,,sip/rx_error,SIP receive errors surging: {count} malformed/invalid messages in {window}s (top source {ip}),,,,,구현,"스택 파싱 실패 카운터 — 종전 무응답 침묵 폐기 지점(SipStackComm.hpp RecvSipMessage) 계측, 소스 IP 동반(상위 32 추적, 윈도우 리셋). 윈도우당 건수 ≥ Setup.SipStats.RxErrorMinor(기본 10) 시 minor 발화, 최다 소스 params(ip/top_count) 동반. 보안 콜백 차단분은 별도 카운터(비알람). 사전 필터(100바이트 미만 UDP)는 관측 밖 — CRLF keepalive 오탐 방지"
CSCF,정의,알람,A-SEC-001,security_violation,major,,,,,auth,인증 실패 급증(크리덴셜 스터핑/무차별 대입 의심),Authentication failure surge: {count} failures in {window}s (top source {ip}),계정 탈취 시도 진행 가능,소스 분포 확인·차단·계정 보호,X.736,,
CSCF,정의,알람,A-PRC-020,listener_unavailable,major,,,,CSC,csc_if,가입자/그룹 변경 통지 수신 접속점(UDP) 개설 실패,Subscriber-notify listener unavailable: {port} ({error}),프로비저닝 변경이 시그널링에 미반영(stale 데이터로 서비스),포트 점유/설정 확인,TS 24.229(HSS 상당),,
,감지,알람,A-PRC-020,listener_unavailable,major,SIG_SVR_01,CSP,1,,csc_if,CSC 연동용 UDP 포트 바인딩 실패(4421) — 가입자/그룹 변경 통지 수신 불가,,,,,후보,bind 실패 시 리스너 스레드 조용히 종료(CscInterface.cpp:111-114)·socket() 실패(:77-80)도 동일·잘못된 bind IP 는 무통보 INADDR_ANY fallback(:102-105). Start() 가 bind 결과와 무관하게 true 반환(:44-50)하는 결함 동반 수정(CspServer.cpp:355 체크 무의미). COM-001 에서 재분류 — 자기 listen 포트 개설 실패는 connection_lost 가 아님
CSCF,정의,알람,A-PRC-023,storage_failure,major,,,,,state_files,실시간 가입자/호 상태 파일 기록 실패,Realtime state file writes failing ({path}: {errno}),콘솔 실시간 현황 정지(호 처리는 정상 — 무성 관측 공백),상태 파일 볼륨/권한 확인,X.733,,
,감지,알람,A-PRC-023,storage_failure,major,SIG_SVR_01,CSP,1,,state_files,실시간 가입자 상태 파일(state/volte·ptt) 쓰기 실패 — 콘솔 실시간 현황 정지,,,,,후보,"_atomicWrite 가 fopen 실패 조용히 return·fwrite/rename 반환 미검사(CallDir.h:750-757), 소비자는 _writeVoipState/_writePttState/_promoteVoipStates(:769·:781·:830) — 전부 실시간 상태 파일. call_dir 행에서 분리(구 CSV 가 이 코드를 CDR 로 오지목)"
CSCF,정의,알람,A-COM-017,connection_lost,minor,,,,REDIS,redis,등록 상태 복제 저장소(Redis) 연결 두절 — HA 등록 인계 불능(cold-mode 강등),"Registration replication store (Redis) connection lost (host={host}, port={port})",절체 시 등록 상태 미인계(재등록 강제),Redis 서버/인증/네트워크 확인,X.733,,
,감지,알람,A-COM-017,connection_lost,minor,SIG_SVR_01,CSP,1,REDIS,redis,Redis(등록 상태 복제) 연결 실패 — HA cold-mode 강등,,,,,후보(선행 필요),연결/AUTH/PING 실패 지점 존재(RedisStore.cpp:53-80)나 재접속 루프가 없어 close 전이 불가 — 재접속 루프 신설 선행. hiredis 미빌드 cold-mode(:83-89)는 상시 상태라 비대상(설정 감사 소관)
CSCF,정의,이벤트,E-AUD-005,config_changed,-,,,,,,"event=listener_changed. SIP 접속점 추가/제거(proto, port) — 무중단 변경",SIP listener {action}: {proto}:{port},,,X.740,,
,감지,이벤트,E-AUD-005,listener_added,-,SIG_SVR_01,CSP,1,,,"SIP 리스너 추가(proto, port) — 무중단 접속점 변경",,,,,후보,kind=audit. 리스너 Sync 의 add 성공 지점(CspListenerManager.cpp:179-189)
,감지,이벤트,E-AUD-005,listener_removed,-,SIG_SVR_01,CSP,1,,,"SIP 리스너 제거(proto, port) — 무중단 접속점 변경",,,,,후보,kind=audit. 리스너 Sync 의 remove 지점(CspListenerManager.cpp:167-172)
CSCF,정의,이벤트,E-AUD-006,config_changed,-,,,,,,event=subscriber_config_changed. 가입자/그룹 설정 변경 반영(원천 통지 기인),"Subscriber/group configuration updated ({entity}, {count} entries)",,,X.740,,
,감지,이벤트,E-AUD-006,csc_resync_requested,-,SIG_SVR_01,CSP,1,CSC_01,,CSC 재기동에 의한 가입자/그룹 전량 재동기 수행,,,,,후보,kind=audit. CSC_RESTART 수신 처리(CscInterface.cpp:278-288)
,감지,이벤트,E-AUD-006,group_config_changed,-,SIG_SVR_01,CSP,1,,,그룹 설정 변경 반영(gid — CSC 통지 기인),,,,,후보,kind=audit. GROUP_CHANGED 수신 처리(CscInterface.cpp:205-218 → GroupCallService.cpp:1103-1113). 발생 빈도가 높아 이벤트 보존 정책 확인 필요
,감지,이벤트,E-AUD-006,user_config_changed,-,SIG_SVR_01,CSP,1,,,가입자 설정 변경 반영(uri — CSC 통지 기인),,,,,후보,kind=audit. USER_CHANGED 수신 처리(CscInterface.cpp:294-318 — DELETE 캐시 제거 :305 / POST·PUT ReloadFromDb :310). 그룹보다 빈도 높음 — 보존 정책 동반 확인. User not found in DB(:314)는 params 로
,감지,이벤트,E-AUD-006,config_change,-,SUB_SVR_01,CSC,1,,,설정/데이터 변경 감사,,,,,후보,"kind=audit. fm_catalog 선언·발신 헬퍼(audit_config_change mcptt.py:673-701) 기성이나 호출자 0건 — 가입자/그룹/조직 CUD 18개 지점(admin 13/org 5, 실측 일치) 배선 + mo 는 <node>/csc/config/<entity> 로 교정 완료 + entity 어휘 신설(_CONFIG_EVENT_BY_ENTITY :631-636 이 listener/trunk/route/access — CSP 잔재). 카탈로그 선언↔구현 일치 규약의 현행 예외(설명서 CSC 절 참조)"
CSCF,정의,이벤트,E-STC-005,mode_transition,-,,,,,,event=db_fallback_changed. 원천 장애로 폴백 모드 진입/해제,DB fallback mode {action} ({reason}),,,X.731,,
,감지,이벤트,E-STC-005,db_fallback_entered,-,SIG_SVR_01,CSP,1,DB,,DB 장애로 파일(User/Group JSON) fallback 모드 진입,,,,,후보(선행 필요),kind=stateChange. 런타임 전환 지점이 없음 — fallback 분기는 기동 시 1회만 평가(CspServer.cpp:325-338)
,감지,이벤트,E-STC-005,db_fallback_exited,-,SIG_SVR_01,CSP,1,DB,,DB 복구로 fallback 모드 해제(DB primary 복귀),,,,,후보(선행 필요),kind=stateChange. 위와 동일 — 런타임 전환 코드 신설 선행
IBCF,정의,알람,A-COM-005,connection_lost,critical,,,,PEER,peer/<ic>,상호접속 대국(타 사업자 IBCF/MSS) keepalive(OPTIONS) 무응답,Interconnect peer {peer} unreachable: OPTIONS keepalive timeout — NNI route down,해당 NNI 경로 전면 불통 — 사업자간 소통 단절,대국사 확인·경로 우회·차단 여부 확인 — 대국마다 개별 발화,TS 29.165 / vIBCF A0061,,
IBCF,정의,알람,A-QOS-012,threshold_crossed,minor~critical(단계),,,,PEER,peer/<ic>/success_rate,대국별 호 성공률/응답률 하한,"Call success rate toward peer {peer} is {observed}% (CRI:{crit}, MAJ:{maj}, MIN:{min})",특정 대국 방향 품질 저하 — 대국 측 이상 조기 검출,대국별 실패 코드 분포 확인·대국사 통보,vIBCF A0075~77,,
IBCF,정의,알람,A-QOS-013,threshold_crossed,minor~major(단계),,,,PEER,peer/<ic>/reason/<code>,대국별 특정 실패 응답(503/486/408 등) 급증,"Failure response {code} toward peer {peer} surging: {count} in {window}s (MAJ:{maj}, MIN:{min})",특정 실패 모드 진행(대국 과부하·번호 오류 등),해당 reason 의 호 이력/추적으로 원인 규명,vIBCF A0084,,
IBCF,정의,알람,A-QOS-014,threshold_crossed,minor~major(단계),,,,PEER,peer/<ic>/rtt,대국별 신호 RTT 임계,Signaling RTT to peer {peer} is {observed}ms (threshold {threshold}ms),경로 지연 — 체감 품질 저하·타임아웃 전조,전송망 상태 확인,vIBCF A0083,,
IBCF,정의,알람,A-COM-006,connection_lost,critical,,,,CMP,cmp,경계 미디어 릴레이(CMP — TrGW 역할) 제어 두절 — CSP 동거 배치에서는 A-COM-007 로 수렴 발화(수록 원칙 참조),Border media relay (CMP) control lost (endpoint {ep}),경계 호 미디어 수립 전면 불가,릴레이 프로세스/제어 채널 확인,TS 29.165(Ix),,
IBCF,정의,알람,A-SEC-002,security_violation,major,,,,,fraud,사기 호/스캐너/비인가 트래픽 탐지 급증(경계 특성),Fraud/scanner traffic detected: {count} suspicious requests in {window}s (top source {ip}),부정 사용(toll fraud)·자원 잠식 진행 가능,소스 차단·패턴 갱신·유입 경로 확인,X.736,,
IBCF,정의,이벤트,E-AUD-007,admin_action,-,,,,PEER,,event=peer_blocked. 대국 수동 차단/해제(Manual Block) — 운영 개입 감사,Peer {peer} manually {action} by {actor},,,vIBCF A0023,,
IBCF,정의,이벤트,E-STC-006,availability_transition,-,,,,PEER,,event=peer_state_changed. 대국 가용 상태 전이(alive↔dead),Peer {peer} state changed: {from} -> {to},,,X.731,,
TAS,정의,알람,A-PRC-013,storage_failure,critical,,,,,cdr,CDR(호 이력) 기록 실패 지속,"CDR write failures persist on {path} ({errno}, {count} records affected)",호 이력 유실 — 정산/분쟁 대응 근거 상실·법적 문제,호 이력 볼륨/기록 경로 확인·유실 구간 산정,vIBCF A0090,,
,감지,알람,A-PRC-013,storage_failure,critical,SIG_SVR_01,CSP,1,,call_dir,호이력(CDR) 파일 쓰기 실패 — 과금/이력 유실,,,,,후보,CallDir 의 append fopen 11개 지점(CallDir.h:86·156·184·212·407·436·554·577·604·622·638)이 전부 if(f) silent — 공용 쓰기 헬퍼가 없어 실패 카운터 신설 시 12곳 통합 대상. CDR 은 전부 파일 기반(DbManager 의 InsertCallLog 등은 no-op)
,감지,알람,A-PRC-013,storage_failure,critical,SIG_SVR_01,CSP,1,,call_dir/root,호이력 루트 디렉터리 부재/접근 불가(NAS mount 소실) — 전 호 무기록 통과,,,,,후보(선행 필요),"Init 의 MkdirP 3회 반환 무시(CallDir.h:20-27), IsEnabled() 는 경로 문자열 비었는지만 검사(:30-32)라 마운트 소실에도 true — 주기 write probe(60s W_OK/probe 파일) 신설 선행"
TAS,정의,알람,A-COM-007,connection_lost,major~critical,,,,CMP,cmp,미디어서버(CMP — MRF 역할) 제어 두절(안내방송/녹취/컨퍼런스용) — CSP 동거 배치의 CMP 두절 수렴 발화 대표 정의(A-COM-006/A-COM-008 흡수: 전체 두절 critical·endpoint 단위 major),Media plane (CMP) control lost — media setup/announcement/recording/floor control unavailable,미디어 의존 기능 전면 불가 — 경계 미디어·안내방송/녹취/컨퍼런스·그룹콜 발언권 제어(IBCF/TAS/PTT-AS 역할 합집합),CMP 프로세스/제어 채널 상태 확인,TS 23.333(MRF 상당),,
,감지,알람,A-COM-007,connection_lost,major,SIG_SVR_01,CSP,1,CMP_01,cmp/<ep>,"CMP endpoint connection lost(IP, Port) — 해당 노드 신규 세션 배정 제외",,,,,후보,HEARTBEAT(3s 주기) 3연속 무응답 → DEAD 전이(EndpointHealth.bLive) / RECOVERED 시 close. endpoint 마다 개별 발화. 전이 훅 기성 (CmpClient.cpp:1321-1340). 전제: 제어 소켓 Init 실패 시 KeepAliveLoop 자체 미기동 — 판정 루프 부재(cmp_ctrl 행 참조)
,감지,알람,A-COM-007,connection_lost,critical,SIG_SVR_01,CSP,1,CMP,cmp,전체 CMP 두절(live endpoint 0) — 신규 미디어 배정 전면 불가,,,,,구현,"CmpClient SetConnectionCallback(전체 미디어평면 up/down 전이) 훅에서 A-COM-007 open/close (CspServer.cpp — mo=<서버명>/csp/cmp). IBCF/TAS/PTT-AS 의 CMP 두절 요구를 대표 정의로 수렴(영향은 역할 합집합, severity critical). endpoint 단위(cmp/<ep>)는 후보 잔존"
TAS,정의,알람,A-QOS-015,threshold_crossed,minor~major(단계),,,,,svc/failure_rate,부가서비스 로직 실행 실패율 임계(전환·착신전환·발신제한 등 적용 실패),"Supplementary service failure rate is {observed}% (service {svc}, MAJ:{maj}, MIN:{min})",가입자 체감 기능 오동작 확산,실패 서비스 유형 분포·설정/원천 데이터 확인,TS 24.229(AS),,
TAS,정의,알람,A-PRC-019,listener_unavailable,critical,,,,,media_ctrl/<plane>,미디어평면 제어 접속점(CMP/CMDP 제어 소켓) 개설 실패 — 두절 판정(A-COM-007 계열) 이전 단계의 자기 결함,Media-plane control socket unavailable: {plane} ({error}),미디어 제어 전면 불가 + 두절 감시 자체 미기동(침묵 위험) — 평면(cmp/cmdp)마다 개별 발화,소켓/포트 점유·설정 확인 후 재기동,X.733,,
,감지,알람,A-PRC-019,listener_unavailable,critical,SIG_SVR_01,CSP,1,,cmp_ctrl,CMP 제어 소켓 개설/바인딩 실패 — 미디어 제어 전면 불가 + CMP 두절 판정 루프 자체 부재,,,,,후보(선행 필요),"socket/bind 실패 시 Init false(CmpClient.cpp:152-166)인데 기동은 계속(CspServer.cpp:248-250 — 로그 2회 출력뿐) + KeepAliveLoop 미기동(:180-183) → CMP endpoint/전체 두절 알람이 영구 침묵. open 은 Init 반환값 1회 판정, close 는 재bind 재시도 루프 신설 선행"
,감지,알람,A-PRC-019,listener_unavailable,critical,SIG_SVR_01,CSP,1,,cmdp_ctrl,CMDP 제어 소켓 개설 실패 — MCData 미디어평면 영구 비활성,,,,,후보(선행 필요),Init 실패 시 return 뿐(CmdpClient.cpp:75-92 / McDataMediaService.cpp:28-31) — 이벤트 콜백 배선·keepalive 모두 미기동. cmp_ctrl 과 동형
TAS,정의,이벤트,E-AUD-008,config_changed,-,,,,,,event=service_config_changed. 부가서비스 설정 변경 감사,Supplementary service configuration changed ({service}) by {actor},,,X.740,,
PTT-AS,정의,알람,A-COM-008,connection_lost,critical,,,,CMP,cmp,미디어평면(CMP — floor 제어 담당) 두절 — CSP 동거 배치에서는 A-COM-007 로 수렴 발화(수록 원칙 참조),Media plane (CMP) lost — floor control unavailable (endpoint {ep}),그룹콜·발언권 제어 전면 불가,미디어평면 상태/제어 채널 확인,TS 23.379,,
PTT-AS,정의,알람,A-COM-009,connection_lost,major,,,,CSC,csc/<svc>,그룹/설정/신원 관리 서버(GMS/CMS/IdMS) 연동 두절,Management server {svc} (CSC) connection lost (host={host}),프로비저닝·affiliation·인증 갱신 정지,관리 서버 상태 확인 — 서버마다 개별 발화,TS 23.379,,
PTT-AS,정의,알람,A-PRC-014,state_out_of_sync,major,,,,CMP,group_ctx/<gid>,그룹 컨텍스트(정원·우선순위·로스터) 미디어평면 정합 실패 지속,Group context sync with media plane failing (group {gid}),통화는 되나 정책이 옛 값인 무성 장애,재수립 실패 원인 확인·수동 재동기 — 그룹마다 개별 발화,TS 24.380,,
,감지,알람,A-PRC-014,state_out_of_sync,major,SIG_SVR_01,CSP,1,,group_ctx/<gid>,그룹 CMP 컨텍스트 재수립 지속 실패(gid) — floor 정책/로스터 CMP 영구 미반영,,,,,후보,ModifyGroup 실패 → AddGroup 멱등 재수립 → 둘 다 실패 시 LOG_ERROR 만(GroupCallService.cpp:1170-1179). 60s SyncGroupsState(:1090-1098) 재평가로 전이 자연 — 같은 gid 연속 2~3 cycle 실패 open / 성공 close. 그룹마다 개별 발화. 통화는 되는데 정원·우선순위가 옛 값인 무성 장애
PTT-AS,정의,알람,A-COM-010,delivery_failed,major,,,,,floor/<gid>,floor 제어 메시지 전달 실패 지속(암호화 실패 포함),"Floor control message delivery failing (group {gid}, {count} consecutive, {reason})",그룹 발언권 마비(미디어는 지속될 수 있음),키/암호화 컨텍스트·전달 경로 확인,TS 24.380,,
,감지,알람,A-COM-010,delivery_failed,minor,MED_SVR_01,CMP,1,,floor_rx/<gid>,floor SRTCP 수신 거부 지속 — 그룹 전원 발언 불가(키 불일치),,,,,후보,++_floorCryptoDrop(PMcpttGroup.cpp:441-444) → STATS floor_crypto_drop 집계 기성(PCmpServer.cpp:696-700). 창당 증가율 임계 전이 — 정상 floor 수신 0 + drop 증가 조합으로 위조 시도와 구분
PTT-AS,정의,알람,A-QOS-016,threshold_crossed,minor~critical(단계),,,,,group/setup_success_rate,그룹콜 수립 성공률 하한,"Group call setup success rate is {observed}% (CRI:{crit}, MAJ:{maj}, MIN:{min})",그룹 통신 품질 저하 확산,실패 단계(시그널링/미디어/floor) 구분,vIBCF A0075 준용,,
PTT-AS,정의,알람,A-QOS-017,threshold_crossed,critical,,,,,emergency,긴급/임박위험 호 처리 실패 발생(낮은 임계 — 소수 건도 즉시),Emergency call handling failed: {count} emergency/imminent-peril calls failed in {window}s,인명 직결 기능 실패 — 최우선 대응,실패 호 즉시 추적·우선처리 경로 점검,TS 23.379(우선 처리),,
PTT-AS,정의,알람,A-QOS-018,resource_exhausted,major,,,,,affiliation,affiliation/그룹 수용 한계 도달,Affiliation/group capacity reached ({used}/{max}),신규 그룹 가입/활성화 거절,수용 상한·부하 분산 확인,TS 24.379,,
PTT-AS,정의,알람,A-PRC-015,cert_expiring,warning,,,,,kms,보안키(KMS) 자재 만료 임박/획득 실패,KMS key material expires in {days} days or acquisition failed,암호화 그룹 통신 불능 예고,키 갱신 경로/KMS 연동 확인,TS 33.180,,
,감지,알람,A-PRC-015,redundancy_degraded,critical,SIG_SVR_01,AGENT,1,,ha/arm/<svc>,HA 무장 실패 — vrrp_instance 가 렌더됐는데 keepalived 가 inactive (VIP 주인 부재 → cold 모듈 전면 미기동),,,,,후보,cims-ha apply 가 사후검증으로 실패를 판정하고 진단(unit 상태·dpkg -V·journal tail)을 job 결과에 싣는다(ha.sh apply 종단). 남은 것은 heartbeat 노출 + 규칙 평가 — agent 가 ha_state 에 armed_but_inactive 를 실어 보내고 OAM 이 check=ha_arm_failed 로 평가하면 된다. 이 공백 탓에 Control 그룹 MASTER 부재가 무알람으로 지나가 관리평면(oam/oam-svc/csc) 전면 정지가 콘솔에 드러나지 않았다(실측)
PTT-AS,정의,알람,A-COM-016,connection_lost,major,,,,CMDP,cmdp,MCData 미디어평면(CMDP) 두절 — 대용량 SDS/FD 전면 실패,"MCData media plane (CMDP) connection lost (host={host}, port={port})",대용량 SDS(MSRP)·FD 수발신 전면 실패,CMDP 프로세스/제어 채널 확인,TS 23.282,,
,감지,알람,A-COM-016,connection_lost,major,SIG_SVR_01,CSP,1,CMDP_01,cmdp,"CMDP connection lost(IP, Port) — 대용량 SDS MSRP 세션 전량 실패(500)",,,,,후보,HEARTBEAT 3연속 실패 전이는 존재하나 SetConnectionCallback 미배선 (CmdpClient.cpp:386-414 / McDataMediaService.cpp:33-34 는 SetEventCallback 만). 전제: Init 실패 시 keepalive 미기동(cmdp_ctrl 행 참조)
PTT-AS,정의,알람,A-PRC-024,storage_failure,major,,,,,group_dir,그룹 정본 파일 적재 실패(DB fallback 모드),Group directory load failing ({path}: {error}),그룹 서비스 전면 불가(fallback 모드에서 정본 상실),그룹 파일 디렉터리/권한 확인,TS 24.481,,
,감지,알람,A-PRC-024,storage_failure,major,SIG_SVR_01,CSP,1,,group_dir,그룹 파일 디렉터리 읽기 실패(DB fallback 모드) — 그룹 서비스 전면 불가,,,,,후보,GroupMap.ReadDir 실패 전이(GroupMap.cpp:56-65). 현재 호출자가 반환값을 무시
PTT-AS,정의,이벤트,E-STC-007,mode_transition,-,,,,,,"event=emergency_mode_changed. 그룹/사용자 긴급 모드 진입/해제(gid, uri)","Emergency mode {action} (group {gid}, user {uri})",,,TS 23.379,,
PTT-AS,정의,이벤트,E-AUD-009,config_changed,-,,,,,,event=affiliation_changed. 그룹 affiliation 변경 반영,"Affiliation updated (group {gid}, {count} members)",,,TS 24.379,,
PTT-AS,정의,이벤트,E-AUD-010,config_changed,-,,,,,,event=regroup_changed. ad-hoc/regroup 생성·해제,"Regroup {action} (group {gid}, {scope})",,,TS 23.379,,
MRF,정의,알람,A-QOS-002,resource_exhausted,major,,,,,<pool>,미디어 자원 풀(포트/floor/멤버 유닛) 완전 고갈,Media resource pool {pool} exhausted ({used}/{total}) — new allocations rejected,신규 배정 불가(NO_RESOURCE) — 풀마다 개별 발화,점유 원인(누수/폭주) 확인·용량 증설,vIBCF F5011·타입40,,
,감지,알람,A-QOS-002,resource_exhausted,major,SIG_SVR_01,CSP,1,CMP_01,cmp/<ep>,CMP endpoint 자원 포화(free ports 0) — 해당 노드 ring 배정 제외,,,,,후보,"HEARTBEAT 응답 iFreePorts 기반 bSaturated open/close 전이 기성 — DEAD 전이와 같은 훅 (CmpClient.cpp:1341-1349, 판정 입력 :487-529). bSatKnown=false(지표 미탑재)면 판정 보류라 오탐 없음. CMP 자기보고 QOS-002(자원 관점)와 상보 — 이 행은 배정 제외 관점. endpoint 마다 개별 발화"
,감지,알람,A-QOS-002,resource_exhausted,major,MED_SVR_01,CMP,1,,<pool>,"미디어 자원 풀 완전 고갈(pool, used, total) — 신규 할당 불가(NO_RESOURCE)",,,,,구현,fmMonitorLoop(1s)가 3개 풀 free==0 전이 감시 / 여유 회복 시 close (PCmpServer.cpp:159-192). 풀마다 개별 발화 — 실제 component 는 rtp_pool|ptt_floor_pool|ptt_member_pool(:175-177). 한계: total<=0 판정 제외(:180)는 실측 크기를 쓰는 ptt 2풀에만 사각(전량 bind 실패 무알람) — rtp_pool 은 분모가 설정값(_rtpPoolSize :168)이라 전량 실패에도 열림(capacity_degraded 상황의 오분류). params 가 항상 used=total(:184-185)로 렌더 + rtp total 이 실측과 불일치. FM 비활성이면 모니터 스레드 자체 미기동(:139-152)
,감지,알람,A-QOS-002,resource_exhausted,major,MED_SVR_01,CMDP,1,,connections,MSRP 연결 수 포화(상한 1024) — 신규 연결 거절,,,,,후보,"kMaxConnections(:31 하드코딩) 도달 시 즉시 close 거절(PCmdpServer.cpp:580-585 — LOG_WARN 만·카운터 없음) — open 훅 기성, close 는 timeoutLoop 재평가 1줄. STATS.connections 노출 중. 전제 결함: idle 회수 부재·send 오류 markClosed 미호출로 좀비 잔존 시 영구 open — 연결 누수 행 선행/동반"
MRF,정의,알람,A-QOS-024,threshold_crossed,minor~critical(단계),,,,,rtp_ports,미디어 포트 풀 사용률 단계 임계 — 노드별 발화(완전 고갈 A-QOS-002 의 전 단계 경보),"RTP port usage is {observed}% (CRI:{crit}, MAJ:{maj}, MIN:{min})",포트 고갈 임박 — 신규 미디어 세션 실패 위험,동시 세션/누수 점검·포트 풀 증설,vIBCF A0012~14 준용,,
,감지,알람,A-QOS-024,threshold_crossed,minor~critical(단계),MGMT_SVR_01,OAM-SVC,1,CMP_01,rtp_ports,RTP 포트 사용률 단계 임계(80/90/95),,,,,구현,CMP STATS 응답 기반(check=rtp_pct_gte) — 노드별 평가·발화(mo=<서버명>/cmp/rtp_ports). 완전 고갈 자기보고(CMP A-QOS-002)와 역할 분담
MRF,정의,알람,A-QOS-019,capacity_degraded,major,,,,,<pool>,설정 대비 실효 용량 미달(bind/초기화 부분 실패),Effective capacity of pool {pool} below configured ({effective}/{configured}) due to bind/init failures,외견상 여유인데 실수용량 축소,실패 자원 재개설·설정/충돌 확인,X.733,,
,감지,알람,A-QOS-019,capacity_degraded,major,MED_SVR_01,CMP,1,,<pool>,"RTP/PTT 포트 풀 부분·전량 bind 실패 — 설정 대비 용량 축소(pool, configured, actual)",,,,,후보,기동 시 bind 실패 소켓은 로그만 남기고 풀 제외(:1810-1813 relay / :1833-1836 ptt floor / :1857-1860 ptt member) — 설정값 vs 실제 풀 크기 3쌍 비교(sticky). leg 당 4소켓 중 1개만 실패해도 전체 자원 폐기(PRtpRelay.cpp:18-33 — 8포트 단위 손실). 요약 로그(:1816 등)만 실제 크기를 찍고 코드 내 비교·보고 지점 없음. QOS-002 의 ptt total<=0 사각 커버
,감지,알람,A-QOS-019,capacity_degraded,major,MED_SVR_01,CMP,1,,epoll,epoll 등록 실패 소켓이 풀에 잔류 — 배정 시 해당 호 무음(부분 무중계),,,,,후보,epollAddHandler 가 epfd<0 이면 조용히 return(:1760)·epoll_ctl ADD 실패는 LOG_ERROR 만(:1766-1767)인데 initResourcePool 계열(:1808-1809·:1831-1832·:1855-1856)은 등록 성공 여부와 무관하게 풀 등록. bind 성공+epoll 미등록 조합은 bind 실패 행·리액터 사망 행 모두의 사각 — 등록 실패 fd 수 >0 전이(sticky)
MRF,정의,알람,A-COM-011,connection_lost,major,,,,CSP,csp,제어 주체(CSP — AS/CSCF 역할) 제어 채널 무통신,Controller (CSP) channel silent: no control traffic for {secs}s,제어/통지 단절 — 신규 세션 수립 불가,제어 채널·상대 프로세스 확인,vIBCF F500A,,
,감지,알람,A-COM-011,connection_lost,major,MED_SVR_01,CMP,1,CSP_01,csp,CSP 제어채널 무통신(HEARTBEAT 두절) — 제어/통지 단절,,,,,후보(선행 필요),마지막 수신 시각 필드 자체가 없음 — 타임스탬프 + fmMonitorLoop 판정(예 15s 무수신) 신설 선행. CSP 측 대칭 관측(CMP endpoint 두절)은 CSP 행에 기존재. 대체/보완 신호로 csp/events 행(pending_events 기성 카운터) 참조
,감지,알람,A-COM-011,connection_lost,major,MED_SVR_01,CMDP,1,CSP_01,csp,제어 datagram 무수신 지속(CSP 침묵) — 제어/통지 단절,,,,,후보,CSP CmdpClient 가 3s 주기 HEARTBEAT 상시 발신(csp/CmdpClient.cpp:384-411)하므로 cmdp 는 수신 침묵만으로 판정 가능 — _lastCtrlRxAt 갱신 1줄(:199 부근) + timeoutLoop(:862-869) 평가. 15s(=5×3s) 무수신 open / 제어 datagram 1건 수신 close. 무트래픽 구간 커버의 정본(ack 소진 행은 트래픽 구동)
MRF,정의,알람,A-COM-012,delivery_failed,major,,,,CSP,csp/events,제어 주체(CSP)로의 이벤트 통지 적체/유실 지속,"Event delivery to controller (CSP) backlogged: {pending} pending, {dropped} dropped",미디어 사건이 호 제어에 미반영,적체 원인(ack 유실·상대 미학습) 확인,vIBCF F500C~E(지속 축),,
,감지,알람,A-COM-012,delivery_failed,major,MED_SVR_01,CMP,1,CSP_01,csp/events,CSP 이벤트 채널 적체/유실 지속 — floor/미디어 이벤트 통지 미도달,,,,,후보,STATS pending_events 기성(:693). emitEvent 는 CSP 미학습 시 통째 drop(:386)·5회 재전송 후 폐기(:448-451). 재전송이 timeoutLoop 의존이라 SessionTimeout<=0 이면 무한 증가. pending_events>N 이 M초 지속 open. CMDP 의 ack 소진 행과 동형 — 선행 구현 거의 불요
,감지,알람,A-COM-012,delivery_failed,major,MED_SVR_01,CMDP,1,CSP_01,csp/events,CSP 이벤트 채널 ack 소진 지속 — 수신 완료 통지 유실,,,,,후보,재전송 1s×5 소진 drop(PCmdpServer.cpp:545-560 — 카운터 없음·LOG_WARN 만) 연속 N건 → open / ack 수신(:216-220) close. CSP endpoint 미학습 폐기(:513-518)는 params 병합. 트래픽 구동 관측 — 무트래픽 커버는 제어 무수신 행이 담당(구 서술 '유일한 피어 두절 관측점'은 부정확)
MRF,정의,알람,A-QOS-020,resource_leak,minor,,,,,sessions,고아 세션 누적/강제 회수 지속,Orphan sessions accumulating: {count} force-reclaimed in {window},제어 정합 이상 신호 — 자원 서서히 잠식,제어 주체 장애/유실 이벤트 여부 확인,vIBCF F5005,,
,감지,알람,A-QOS-020,resource_leak,minor,MED_SVR_01,CMP,1,,sessions,고아 세션 sweeper 회수 지속 — CSP↔CMP 세션 정합 이상,,,,,후보,"relay 회수 카운터 기성(_leakReclaimTotal/Hold/Orphan 증가 :2013-2014, STATS :614-617·:689, reason=hold_timeout|orphan_no_rtp :2003) — 최근 창 N건 이상 전이만 추가(누적값이라 스냅샷 보관 필요). 그룹 회수(:2048-2070)는 카운터 전무 — flow GROUP_TIMEOUT(:2055-2056)+PTT_GROUP_ABORTED 이벤트(:2072-2077)뿐이라 STATS 관측 불가(보강 필요). 절체·CSP 이상의 CMP 측 유일 신호"
,감지,알람,A-QOS-020,resource_leak,minor,MED_SVR_01,CMP,1,,ptt_groups,멤버 잔존 PTT 그룹 영구 미회수 — floor/멤버 유닛 서서히 고갈,,,,,후보,그룹 회수 조건이 memberCount==0 && idle(:2037-2043) — CSP crash/PTT_LEAVE 유실 시 멤버 남은 그룹은 무활동이어도 절대 회수 안 됨(relay 의 orphan_no_rtp/hold_timeout :1986-1994 대응물 부재) → QOS-002 로만 뒤늦게 발현. 무활동 _sessionTimeout 초과 그룹 수 ≥N 지속 전이
,감지,알람,A-QOS-020,resource_leak,minor,MED_SVR_01,CMDP,1,,connections/idle,MSRP 연결 누수·유휴 적체 — 회수 경로 자체 부재,,,,,후보,"timeoutLoop 는 _sessions 만 순회·_connections 는 회수 없음(PCmdpServer.cpp:860-899), 첫 SEND 전 미바인딩 연결 영구 생존(:652-676 이전), send 오류 시 markClosed 미호출(PMsrpConnection.cpp:84-86 — 다음 RDHUP 의존), 파서 버퍼 연결당 64MB 까지 성장(PMsrpParser.cpp:117). (connections − 바인딩 세션 수) ≥ 임계 T초 지속 전이 — 연결 포화 행의 선행 지표"
,감지,알람,A-QOS-020,resource_leak,major,MED_SVR_01,CMDP,1,,sessions/orphan,MSRP 세션 setup 전면 실패 — orphan 회수만 지속(런타임 도달 불가),,,,,후보,"창(5분) 내 orphan 회수 ≥N 이고 같은 창 바인딩 성공 0 전이(reason=orphan :874-876, _statOrphanReclaim :882 vs 바인딩 성공 :671-675). 광고 IP 오류·방화벽/NAT 등 런타임 원인 커버(config 행의 기동 1회 판정 보완). 선행: _statOrphanReclaim 을 reason(orphan/idle)별 분리"
,감지,알람,A-QOS-020,resource_leak,minor,MED_SVR_01,CMDP,1,,sessions/idle,세션 idle 회수 지속 — CSP REMOVE 누락(제어 연계 부분 장애),,,,,후보,reason=idle 회수(PCmdpServer.cpp:877-879) 창 내 ≥N 전이 — HEARTBEAT 는 오는데 REMOVE/이벤트 ack 만 안 되는 CSP 부분 장애를 무수신 행과 독립적으로 노출
MRF,정의,알람,A-PRC-016,state_out_of_sync,major,,,,CSP,sessions/sync,제어 주체(CSP)와 세션 집합 불일치 지속(재조정 불능),"Session set out of sync with controller (CSP): {orphans} orphans, reconcile failing",orphan 누적·포트 잠식·호 이력 왜곡,재조정(reconcile) 실패 원인 확인,vIBCF F5006,,
,감지,알람,A-PRC-016,state_out_of_sync,minor,SIG_SVR_01,CSP,1,CMP_01,cmp/<ep>/sessions,CSP↔CMP 세션집합 지속 불일치/재조정 불능 — orphan 세션 누적(포트 잠식),,,,,후보,"샤드 digest 대조 기성(CmpClient.cpp:1041-1060 — 정합 continue / 불일치 ReconcileShard), SESSION_LIST fetch 실패 시 샤드 skip(:1069-1072 — 회수 영구 불가). 동일 샤드 N cycle(3s) 연속 mismatch 또는 fetch 연속 실패 open / 정합 복귀 close. active 역할일 때만 발화(m_bAuditActiveRole — standby 는 관측만 :1044-1054). CMP 측 resource_leak(고아 회수)와 상보·endpoint 포화의 근본 원인 관측"
MRF,정의,알람,A-QOS-021,threshold_crossed,minor~major(단계),,,,,media/no_flow,활성 세션 중 미디어 무흐름 비율 임계,"No-media sessions at {observed}% of active sessions (MAJ:{maj}, MIN:{min})",NAT/방화벽/경로 문제로 무음 호 확산,미디어 경로·latch 상태 확인,vIBCF F5008·A0078,,
MRF,정의,알람,A-QOS-022,threshold_crossed,minor~major(단계),,,,,media/quality,미디어 품질(패킷 손실/지터) 임계,"Media quality degraded: {metric} is {observed}{unit} (MAJ:{maj}, MIN:{min})",체감 품질 저하 확산,전송망/부하 상태 확인,RFC 3550(RTCP) / vIBCF A0079,,
MRF,정의,알람,A-PRC-017,storage_failure,critical,,,,,record,녹취 저장 실패 지속,Recording write failures persist on {path} ({errno}),법적 보존 의무 유실,녹취 볼륨/마운트/권한 확인·유실 구간 산정,X.733,,
,감지,알람,A-PRC-017,storage_failure,critical,MED_SVR_01,CMP,1,,record,녹취 파일 쓰기/개설 실패 — 녹취 유실,,,,,후보,"트랙 fopen 실패 로그만·fp=NULL 지속(PSyncRtpRecorder.cpp:167-181) → writePacket 이 조용히 return(:241 — 트랙 전량 유실·카운터 없음), fwrite 3회(:249-251)·세그먼트 메타/인덱스(:405-419)·fclose(:220·:411·:418) 전부 미검사 silent. 녹취 루트 system(mkdir -p) 반환 미검사(:1738-1741)는 params 병합. self_reporting §9 명시 후보 — fmMonitorLoop 집계 훅"
,감지,알람,A-PRC-017,storage_failure,major,MED_SVR_01,CMP,1,,record/index,녹취 인덱스 read 실패 → seq 리셋 — 기존 세그먼트 무통보 덮어쓰기,,,,,후보,"_lastIndexedSeq 가 fopen 실패 시 return 0(PSyncRtpRecorder.cpp:142-158, 호출 :117) — NFS 일시 장애/권한 문제 시 seg_0001 부터 말없이 덮어씀. 읽기 실패와 파일 부재 구분 신설 — 쓰기 실패 행과 별개의 데이터 파괴 경로"
MRF,정의,알람,A-PRC-002,storage_failure,major,,,,,fd_store,메시지 미디어(FD/파일) 스토어 저장·접근 실패,"FD/file store write or access failure ({path}, {errno})",MCData 수신분 유실,스토어 볼륨/마운트 확인,TS 23.282,,
,감지,알람,A-PRC-002,storage_failure,major,MED_SVR_01,CMDP,1,,fd_store,FD 스토어 저장 실패 — 수신 SDS/FD 유실,,,,,구현,MSRP 수신 완료 시 Store() 실패/성공 전이(PCmdpServer.cpp:740-750). 한계 3건: ①트래픽 구동 판정 — 무트래픽 구간 미탐·알람 stale ②write/flush 결과 미검사(PFdStore.cpp:71-83 — .msrp 는 open 실패도 무시 :81-82)로 ENOSPC 시 meta 만 성공해 Store true → close 오발화(알람이 잘못 닫힘) ③params 미탑재 — errno/path 오버로드(FmReporter.cpp:122) 기성인데 미사용. 접근 불가 probe 행(같은 활성키 공유)과 결함 수정으로 보강
,감지,알람,A-PRC-002,storage_failure,major,MED_SVR_01,CMDP,1,,fd_store,FD 스토어 접근 불가(마운트 상실·읽기 실패·미설정 기동),,,,,후보,무트래픽에도 판정하도록 timeoutLoop 에 스토어 probe(stat+write test) 신설. 읽기(LoadRaw) 실패는 현재 세션당 NOT_FOUND 뿐(PCmdpServer.cpp:391-396). store on/off INFO 는 :129-131 — 실제 off 조건은 McDataFd.Dir·ServiceLogging.Dir 둘 다 미설정일 때(:1017-1018 폴백). 저장 실패 행과 같은 활성키를 의도적으로 공유(상보 감지 — probe 가 close 정본)
,감지,알람,A-PRC-002,storage_failure,major,SUB_SVR_01,CSC,1,,fd_store,MCData FD 스토어 접근 불가/GC 부재 — CSC 측 probe,,,,,후보(선행 필요),"init 의 os.makedirs 1회뿐(mcdata_fd.py:29-44) — NAS 마운트 상실 관측 지점 전무, statvfs 0·retention/GC 0({FdDir}/YYYY/MM/DD/*.bin + index/*.json 무한 증가). CMDP fd_store/fd_store·disk 행과 같은 NAS — 중복 발화 방지 위해 발화 소유 모듈 1택 결정 필요"
MRF,정의,알람,A-COM-013,delivery_failed,major,,,,,floor_tx,floor/SRTCP 송신 실패 지속(키/암호화 오류),"Floor/SRTCP transmit failures persist (group {gid}, {reason})",암호화 그룹의 floor 제어 전면 불능,키 자재/암호화 컨텍스트 확인,TS 24.380,,
,감지,알람,A-COM-013,delivery_failed,major,MED_SVR_01,CMP,1,,floor_tx/<gid>,floor SRTCP protect 실패 지속 — 암호화 그룹의 floor 제어 전면 불능,,,,,후보,"broadcast(:1861-1866)·멤버별(:1884-1886)·sendToMember(:1928-1931, PMcpttGroup.cpp) 전부 LOG_ERROR 후 그 전송만 포기·카운터 없음. 키/컨텍스트 오류 시 GRANT/TAKEN/IDLE/REVOKE 전량 미발신 = 그룹 floor 사망(미디어 relay 는 지속). 그룹 단위 실패율 전이"
MRF,정의,알람,A-PRC-018,worker_unavailable,critical,,,,,worker/<name>,미디어 리액터/제어 루프/타이머 실행 단위 정지,Worker {name} stalled: no heartbeat for {secs}s — relay/control loop stopped,포트는 살아있는데 무중계·무제어(외부 무증상),해당 실행 단위 재기동(프로세스 재기동),X.733,,
,감지,알람,A-PRC-018,worker_unavailable,critical,SIG_SVR_01,CSP,1,,worker/<name>,상시 워커 스레드 사망/정지 — 해당 기능 무통보 영구 정지,,,,,후보(선행 필요),상시 스레드 10개(GroupCallService MonitorLoop :1073-1101 — 죽으면 그룹 재적재·정합·CMP 동기 정지 / SipMessageLogger WriterLoop :726-746 / CmpClient Recv·EventDispatch·KeepAlive :170-183 / CmdpClient :95-105 / DbManager :114 / CscInterface :47) 전부 생존 확인 수단 없음 — 예외 보호는 RunAuditCycle 1곳뿐(CmpClient.cpp:1369-1373). 스레드별 atomic lastTick + 메인 1s stale 판정 신설. 스레드마다 개별 발화. STATS 는 CscInterface 스레드만 살면 응답하므로 L3 도 못 잡는 사각
,감지,알람,A-PRC-018,worker_unavailable,critical,MED_SVR_01,CMP,1,,worker/rtp,RTP 리액터 스레드 미기동/사망 — 해당 워커 소켓 전면 무중계,,,,,후보,"epoll 생성 실패 시 스레드 즉시 종료(PCmpServer.cpp:47-51, :1771-1774), epoll_wait 오류 시 break(:1781). 포트는 bind 돼 있어 L1/L3 모두 미검출 — 워커 alive 플래그 신설로 전이. 개별 소켓 epoll_ctl 실패는 epoll 행이 커버(이 행의 사각)"
,감지,알람,A-PRC-018,worker_unavailable,critical,MED_SVR_01,CMP,1,,worker/ctrl,제어 UDP 루프 스레드 사망 — CSP 제어 명령 전면 불능(포트는 bind 잔존),,,,,후보,"detach + alive 플래그 없음(:117-119), runControlLoop 은 recvfrom<0 을 무시하고 루프(:214-229). 사망 시 :9000 bind 는 남아 있어 CMP 자신은 모름(L3 PRC-004 는 무응답으로 잡음) — alive 하트비트 플래그 신설"
,감지,알람,A-PRC-018,worker_unavailable,critical,MED_SVR_01,CMDP,1,,worker/msrp,MSRP 리스너/리액터 사망 — MSRP 수신 전면 불가(제어채널은 정상 응답),,,,,후보,"epoll 등록 실패에도 startServer true(PCmdpServer.cpp:109-115), epoll_create1 실패 시(:47-50) 리스너 등록이 무로그 통째 skip(:109 조건에 else 없음 — process_started 까지 정상 발화), epoll_wait 오류 시 break 로 리액터 종료(:837-843) — HEARTBEAT 는 OK 라 L3 미검출. 기동 1회 판정 + 리액터 liveness. listener_unavailable 에서 재분류 — CMP worker_unavailable 와 클래스 통일. 참고: 전 연결이 _reactors[0] 등록(:589·:593·:789 — MsrpWorkerCount 사실상 무효)이라 판정 범위는 워커 0 단일로 충분"
,감지,알람,A-PRC-018,worker_unavailable,major,MED_SVR_01,CMDP,1,,worker/sweeper,스위퍼/로그라이터 스레드 정지 — 재전송·세션 회수·로그 소비 동시 정지(외부 무증상),,,,,후보(선행 필요),timeoutLoop 가 sweep 전 구간 _mutex 보유(:866) — 정지 시 이벤트 재전송과 세션 회수가 함께 멈추는데 HEARTBEAT/제어 응답은 정상. logWriterLoop(:1205-1226) 정지 시 큐 적체 무통보 drop. 각 루프 tick 카운터 + 타 스레드 정체 비교 신설. 제어 recvfrom 스레드는 detach 라 생존 확인 불가(:176-184) — 동일 훅
,감지,알람,A-PRC-018,worker_unavailable,minor,SUB_SVR_01,CSC,1,,worker/db_probe,DB health probe 스레드 사망 — COM-001 판정기 자체 실명,,,,,후보,"probe 스레드 is_alive() + 마지막 판정 시각 stale 감시(daemon 스레드라 프로세스는 정상 생존). CSC 스레드 4종(uvicorn×2/fm-reporter/db-probe/log-writer) 중 유일 무감시 축 — uvicorn 은 http 행·log-writer 는 service_log 행이 간접 커버, fm-reporter 는 자기보고 경로 자기장애로 비대상"
,감지,알람,A-PRC-018,worker_unavailable,major,MGMT_SVR_01,OAM,1,,sweeper,스위퍼 연속 실패 — 해당 판정 영구 정지,,,,,후보,10개 sweeper 의 except 가 log_error 후 다음 주기 재시도 — 연속 실패 카운터 없음. sweeper 별 연속 실패 임계 전이. 자기 스트림 기록 실패는 alerts/stream 행으로 분리
,감지,알람,A-PRC-018,worker_unavailable,major,MGMT_SVR_01,OAM,1,,provision,프로비저닝 엔진 초기화 실패 — /api/v1/provision 영구 비활성,,,,,후보,"초기화 실패 시 log_error 만(oam_app.py:771-778). 기동 1회 판정(sticky). descriptor/seed 병합 실패(:875-901 — 실패 시 신규 모듈이 HA/알람 평가 밖 영구 잔류, 주석 명시)도 동일 클래스 params 구분"
MRF,정의,알람,A-QOS-025,resource_exhausted,minor,,,,,slots/<gid>,발언 슬롯 상한 초과(멤버 수 > 슬롯) — 상향 SSRC 슬롯 충돌 지속,Talker slots exceeded on group {gid} ({members}/{slots}) — SSRC slot collision,수신 단말이 동시 송신자 구분 불가·녹취 트랙 오염,그룹 정원/슬롯 상한 조정 — 그룹마다 개별 발화,TS 24.380,,
,감지,알람,A-QOS-025,resource_exhausted,minor,MED_SVR_01,CMP,1,,slots/<gid>,floor_control=off 그룹 멤버 > 발언 슬롯 상한 — 상향 SSRC 슬롯 충돌 지속,,,,,후보,MCPTT_MAX_TALKER_SLOTS 초과 시 streamSlot 모듈로 랩어라운드(PMcpttGroup.cpp:117-127 — LOG_WARN 만) — 수신자가 두 송신자 구분 불가·녹취 트랙 오염. 그룹 단위 지속 조건
MRF,정의,알람,A-QOS-026,resource_exhausted,major,,,,,fds,접속 수용 실패 지속(fd 고갈 — EMFILE/ENFILE),MSRP accept failing: fd exhausted ({count} in {window}s),신규 미디어 접속 전면 불가(+hot spin CPU 포화 동반),fd 상한/누수 확인·프로세스 재기동,TS 23.282 / X.733,,
,감지,알람,A-QOS-026,resource_exhausted,major,MED_SVR_01,CMDP,1,,fds,MSRP accept 지속 실패(EMFILE/ENFILE fd 고갈) — 신규 접속 전면 불가 + hot spin,,,,,후보,"accept4 실패 LOG_WARN 후 return·카운터 없음(PCmdpServer.cpp:570-576), epoll ADD 실패 시 conn 폐기 continue(:593-597). 연결 수 1024 미만이어도 발생하는 별개 조건 — level-triggered 라 EMFILE 상태에서 리스너 재통지 hot spin(CPU 포화 동반). 창 내 실패 ≥N open / 성공 1건 close"
MRF,정의,이벤트,E-AUD-011,corrective_action,-,,,,,,event=session_reclaimed. 세션 강제 회수(운영자 모르게 미디어 절단되는 동작의 감사),Session {sid} force-reclaimed ({reason}),,,X.740,,
,감지,이벤트,E-AUD-011,cmp_session_reclaimed,-,SIG_SVR_01,CSP,1,CMP_01,,orphan 세션 CSP 판단 강제 회수(RemoveSession) 감사,,,,,후보,kind=audit. 회수 지점(CmpClient.cpp:1067-1090) — 운영자 모르게 미디어를 끊는 동작. 세션 불일치 알람의 params 병합도 가능
,감지,이벤트,E-AUD-011,session_reclaimed,-,MED_SVR_01,CMP,1,,,"누수 세션(sweeper) 강제 회수 감사(sid, reason=hold_timeout|orphan_no_rtp, held)",,,,,구현,"kind=audit. 세션 timeout sweeper 의 leak reclaim 시 FM_EVENT 발신(PCmpServer.cpp — RELAY_ABORTED emit 과 동일 지점, mo=<서버명>/cmp). 운영자 모르게 미디어가 절단되는 동작의 감사(E-AUD-011)"
MRF,정의,이벤트,E-AUD-012,config_changed,-,,,,,,event=resource_config_changed. 미디어 자원 구성 변경(endpoint/풀 증감),Media resource configuration changed ({detail}),,,X.740,,
,감지,이벤트,E-AUD-012,cmp_endpoint_added,-,SIG_SVR_01,CSP,1,CMP_01,,CMP endpoint 동적 등록(ring 노드 추가) — 미디어 용량 구성 변경,,,,,후보,kind=audit. 동적 등록 지점(CmpClient.cpp:432-441 — ring 노드 추가 + 총계 로그)
MRF,정의,이벤트,E-STC-010,availability_transition,-,,,,CSP,,event=csp_control_peer_changed. 제어 피어(CSP) 소스 변경 관측(재기동/절체),Control peer (CSP) changed: {old} -> {new},,,X.731,,
,감지,이벤트,E-STC-010,csp_control_peer_changed,-,MED_SVR_01,CMDP,1,CSP_01,,CSP 제어 피어 변경(재기동/절체 관측),,,,,후보,kind=stateChange. 제어 datagram 소스 학습·변경 지점 훅 기성(PCmdpServer.cpp:240-245) — 제어 무수신 행의 _lastCtrlRxAt 훅과 같은 지점에서 무료
CSC,정의,알람,A-PRC-025,listener_unavailable,critical,,,,,http/<port>,가입자/MCPTT API HTTP 접속점 불능(개설 실패·수신 스레드 사망 — 프로세스는 생존),CSC HTTP listener unavailable: {port} ({error}),IdMS/GMS/CMS/XCAP·프로비저닝 API 전면 불가,포트 점유/기동 로그 확인 — 접속점마다 개별 발화,TS 24.482/24.481(IdMS/GMS 상당),,
,감지,알람,A-PRC-025,listener_unavailable,critical,SUB_SVR_01,CSC,1,,http/<port>,HTTP 리스너(4421/4430) 사망 — 프로세스는 생존·기동 로그는 거짓 성공,,,,,후보,uvicorn bind 실패 시 서버 스레드만 죽고 start() 는 성공 반환(httpsrv/server.py:47-58 — _ready_event 가 serve await 전에 set. vendor uvicorn 은 bind OSError 시 sys.exit(1) — vendor/uvicorn/server.py:178-182 — SystemExit 로 스레드만 사망·메인은 이미 started 출력 후). 리스너별 개별 발화. start() 반환값화 + 스레드 생존 감시. 부수: 스레드 사망 시 _shutdown_event 미set(:45) → stop() 5s 블록
CSC,정의,알람,A-COM-018,delivery_failed,major,,,,CSP,notify/<target>,가입자/그룹 변경 통지(notify) 미도달 지속,Change-notify delivery to {target} failing ({count} consecutive),변경이 시그널링(CSP)에 미반영 — stale 운영(무성 장애),대상 도달성/포트 확인 — 대상마다 개별 발화,TS 24.229(HSS 상당 통지),,
,감지,알람,A-COM-018,delivery_failed,major,SUB_SVR_01,CSC,1,CSP_01,notify/<target>,CSP/PSP UDP notify 미도달 지속 — 가입자/그룹 변경이 시그널링에 미반영(무성 장애),,,,,후보,"_send_notify 가 target 별 도달 여부를 이미 bool 관측(mcptt.py:497-526, :601-626 — delivered/failed 분류까지 완료·소비는 로그 1줄) — 연속 실패 카운터 추가. close 확보는 10s STATS_REQUEST keepalive 신설 — CSP 는 무수정(CscInterface 가 이미 응답)이나 CSC 측 응답 소비/판정 경로 신설 필요(_send_notify:516-518 이 응답을 읽고 폐기). target(csp/psp)별 개별 발화"
CSC,정의,알람,A-PRC-026,storage_failure,major,,,,,idms_store,IdMS 토큰/코드 스토어 기록 실패,IdMS store writes failing ({path}: {error}),토큰 발급 외견 성공·refresh 전량 실패(로그인 반복 강제)·회수 실패 시 구 토큰 잔존(보안),스토어 볼륨/권한 확인,TS 24.482,,
,감지,알람,A-PRC-026,storage_failure,major,SUB_SVR_01,CSC,1,,idms_store,IdMS 스토어(auth_code/refresh_token) 쓰기 실패 — 토큰 발급은 200 인데 refresh 전량 실패,,,,,후보,"save_* 가 bool 반환 기성인데 호출부가 무시 — 4곳: idms_storage.py:39-48·:101-110 / mcptt.py:831·:1263 + revoke_refresh_token(:1381·:1409 — 회수 실패 시 rotated 구 토큰이 유효 상태로 잔존, 보안 축). 카운터만 추가"
CSC,정의,알람,A-QOS-027,resource_leak,minor,,,,,idms_store/entries,IdMS 토큰/코드 스토어 무한 증식(만료분 미회수),IdMS store growing unbounded ({entries} entries),디스크/조회 성능 점진 잠식,만료 엔트리 정리(GC) 실행·주기화,TS 24.482,,
,감지,알람,A-QOS-027,resource_leak,minor,SUB_SVR_01,CSC,1,,idms_store/entries,IdMS 토큰/코드 스토어 무한 증식 — GC 부재(엔트리 수 임계),,,,,후보,"cleanup_expired_codes/tokens 호출자 0건(idms_storage.py:80-94, :137-151 — 유일 호출처 cleanup CLI 는 ImportError(scripts/cleanup_idms.py:11)+runtime_root CWD 폴백으로 엉뚱한 디렉터리 청소 위험 :34-41 — 실행 불가/유해). refresh rotation 은 새 파일 생성+구 파일 revoked 재저장만(mcptt.py:1405-1409). 디렉터리 엔트리 수/만료·revoked 비율 주기 probe 임계 전이. load_all 전량 파싱(file_store.py:157-168)이라 방치 시 GC 자체 비대(자기악화)"
CSC,정의,알람,A-PRC-027,storage_failure,major,,,,,file_store,가입자/그룹 파일 스토어 기록 실패(그룹 JSON·FD 업로드),File store writes failing ({path}: {error}),그룹 정본 파일 미갱신(CSP fallback 오염)·FD 업로드 실패,스토어 볼륨/권한 확인,TS 24.481 / TS 23.282,,
,감지,알람,A-PRC-027,storage_failure,major,SUB_SVR_01,CSC,1,,file_store,가입자/그룹 파일 스토어 쓰기 실패(csp/Group JSON·MCData FD 업로드),,,,,후보,"save_group_to_file 로그만 + 호출부 무시·GROUP_DIR 미설정 silent return(mcptt.py:704-758), FD 업로드는 try 없음 → 요청당 500 뿐 — 무보호 3곳(mcdata_fd.py:105 makedirs·:107-108 write·:115-117 index) — cmdp fd_store 패턴 복제"
CSC,정의,이벤트,E-AUD-013,corrective_action,-,,,,CSP,,event=csp_resync_sent. 기동 시 CSP 전량 재동기 요청(CSC_RESTART) 발신,Full resync requested to CSP ({reason}),,,X.740,,
,감지,이벤트,E-AUD-013,csp_resync_sent,-,SUB_SVR_01,CSC,1,CSP_01,,CSC 기동 시 CSP 전량 재동기 요청(CSC_RESTART) 발신,,,,,후보,kind=audit. csc_app.py:296-301 — CSP 행 csc_resync_requested 와 쌍
관리,정의,알람,A-PRC-028,storage_failure,major~critical,,,,,store,공유 스토리지(NAS) 접근 실패(마운트 소실·쓰기 불가),Shared store access failing ({reason}),관리평면 정본 저장 불능 — HA 승격 부적격·배포/알람 보관 정지,마운트/NAS/권한 확인 — 노드(agent)와 OAM 양쪽에서 감지,X.733,,
,감지,알람,A-PRC-028,storage_failure,major,SIG_SVR_01,AGENT,1,,store,공유 store(NAS) 마운트/쓰기 불가 — HA 승격 부적격 유발,,,,,후보,"write probe 기성(_shared_store_ready :3460-3486 — not_mounted/not_writable, 5s 캐시, /proc/mounts 정확 일치 + write+fsync+unlink) — 결과가 verdict reason_codes 로 heartbeat reasons[:6] 에 이미 간접 도달(절단 주의). rule 은 reasons 파싱 또는 전용 필드 신설. 양 노드 동시 부적격 = VIP 공백인데 현재 무알람. MASTER 기동 게이트 실패(store 미준비로 reconcile 전 모듈 skip :3591-3600 — 'Active 가 서비스를 못 올리는 중')는 reason 구분으로 같은 행. OAM store_unavailable 와 클래스 통일(감지 주체만 다름)"
,감지,알람,A-PRC-028,storage_failure,critical,MGMT_SVR_01,OAM,1,,store,공유 스토리지(NAS) 런타임 접근 실패,,,,,후보(선행 필요),"기동 시 1회 검사뿐(_assert_runtime_mount, oam_app.py:95-166) — 런타임 소실은 리스 owner_record_missing 으로만 간접 발현. 주기 write probe 신설 선행. AGENT store 행과 클래스 통일(감지 주체만 다름). 로컬 폴백 기동(store_local_fallback)은 config/store 행"
관리,정의,알람,A-PRC-029,dependency_unavailable,critical,,,,,tooling,노드 필수 도구(cims-svc/cims-priv/cims-ha) 미발견·권한 미등록,Node tooling unavailable: {tool} ({detail}),모듈 기동/IP 조작/HA 제어 전면 불능,설치본/sudoers 등록 확인,X.733,,
,감지,알람,A-PRC-029,dependency_unavailable,critical,SIG_SVR_01,AGENT,1,,tooling,cims-svc/cims-priv/cims-ha 미발견 — 모듈 기동·IP 조작 전면 불능,,,,,후보,"경로 후보 탐색 실패 판정 기성(_resolve_cims_priv :1947-1968·_find_cims_svc :4046-4052, rc=127 규약) — print 만. heartbeat 필드 + rule. sudo 미등록 rc=0 graceful skip(조작 무시가 성공 보고)·stale HA guard 회수 실패(keepalived mask/policy-rc.d 잔재 = 호스트 전 패키지 자동기동 차단, rc 판정 기성 :2023-2038)·부팅 보증 실패(_ensure_nonlocal_bind/_ensure_unit_killmode :4966-5006 — VIP bind crash-loop/agent 재기동 시 모듈 동반 사망 유발) 를 reason 구분으로 포함"
관리,정의,알람,A-PRC-030,listener_unavailable,critical,,,,,http/<port>,관리 API(OAM/oam-svc) HTTP 접속점 불능(bind 실패·스레드 사망 — 백그라운드 스위퍼는 지속),OAM HTTP listener unavailable: {port} ({error}),콘솔/API 전면 502 — 알람 발화는 지속되나 가시화 불가,포트 점유/기동 로그 확인,X.733,,
,감지,알람,A-PRC-030,listener_unavailable,critical,MGMT_SVR_01,OAM,1,,http/<port>,OAM(4419)/oam-svc(4480) HTTP 리스너 사망 — API 전면 502·스위퍼는 계속 동작,,,,,후보,CSC 와 동일 결함 — _ready_event.set() 이 server task await 앞(httpsrv/server.py:47-64)이라 bind 실패 시 스레드만 죽고 start() 정상 반환. oam-svc 는 스위퍼 루프(oam_svc_app.py:334-343)가 계속 돌아 '알람은 나오는데 API 전면 502' 상태. start() 반환값화 + 스레드 생존 감시. 리스너별 개별 발화
관리,정의,알람,A-PRC-031,dependency_unavailable,warning,,,,,store/lock,공유 스토리지 잠금(flock) 미보장 — 소유권 펜싱 부재(상시 조건),Store lock (flock) not enforced on shared storage,이중 기동 시 정본 손상 위험 상시·리스 영구 read-only 수렴,스토리지 잠금 지원 확인(NFS 옵션)·대체 펜싱 적용,X.733,,
,감지,알람,A-PRC-031,dependency_unavailable,warning,MGMT_SVR_01,OAM,1,,store/lock,공유 store flock 미강제(NAS no-op) — 펜싱 부재로 손상 위험 상시·리스 영구 read-only 수렴,,,,,후보,"lease.py:97-114, :137-141 — flock 이 no-op 인 파일시스템에서 리스가 영구 read-only 로 수렴. redundancy_degraded(store/lease)에서 분리 — '손상 위험 상시'는 상실과 의미가 다른 상시 조건(sticky). 기동 1회 판정"
관리,정의,알람,A-PRC-032,storage_failure,major,,,,,alerts/stream,알람/이벤트 스트림 자기 기록 실패,Alert stream writes failing ({path}: {errno}),open 레코드 유실 — 콘솔/이력에 영구 미표시(관측 공백),스트림 볼륨/NAS 상태 확인,X.733,,
,감지,알람,A-PRC-032,storage_failure,major,MGMT_SVR_01,OAM,1,,alerts/stream,알람 스트림(alerts jsonl) 자기 기록 실패 — open 레코드 유실·콘솔 영구 미표시,,,,,후보,"transition 이 state 를 emit 전에 갱신(open/close/change 전부 — alarm_sweeper.py:137-143·:147·:155) + daily_jsonl.record 무보호(daily_jsonl.py:20-36) → ENOSPC/NAS 두절 시 open 레코드 유실(FM 경로는 ack 미발신+재전송 ""이미 열림"" 분기로 영구 유실). 분리 배포 시 base·oam-svc 동시 append 무보호(_write_lock 프로세스 로컬). 자기 스트림 불능이라 health 경로 병행 필요"
관리,정의,알람,A-PRC-033,state_out_of_sync,warning,,,,,alerts/restore,알람 open-state 복원 창 불일치(장기 지속 알람 재기동 시 중복 open),Alert open-state restore window mismatch ({window}d vs {drift}d),장기 알람의 재기동 후 중복 open·이력 왜곡,복원 창 정합·중복 정리,X.733,,
,감지,알람,A-PRC-033,state_out_of_sync,warning,MGMT_SVR_01,OAM,1,,alerts/restore,open-state 복원 창 불일치(30일) — 장기 지속 알람 재기동 시 중복 open,,,,,후보,restore_open_state 기본 days=30(alarm_sweeper.py:47) vs drift 만 90일(oam_app.py:1392 — 주석이 30~90일 구간 중복 open 명시). agent/service 계열엔 drift 의 _reseed_if_empty 등가 보호도 없음 — 30일+ 지속 알람은 재기동 시 중복 open + 앞선 open 영구 미해소. 복원 창 통일+reseed 일반화가 수정 정본 — 알람화보다 결함 수정 우선 후보
관리,정의,알람,A-COM-019,delivery_failed,major,,,,,reports,job report 전달 적체(재시도 소진 — pending 큐 누적),Job report delivery backlogged ({pending} pending),배포/작업 결과가 OAM 에 미도달(성공/실패 판정 불가),OAM 도달성 확인·큐 소진 감시,X.733,,
,감지,알람,A-COM-019,delivery_failed,major,SIG_SVR_01,AGENT,1,,reports,job report 미전달 적체 — 배포 결과가 OAM 에 미도달,,,,,후보,"4회 재시도 실패 → run/pending_reports.jsonl 적재(_enqueue_pending_report :4235-4243, _deliver_report :4272-4286) — 큐 무한 append(상한 없음). 큐 길이 임계 전이(판정 저렴). 참고: agent 자신의 heartbeat POST 실패는 비대상(OAM connection_lost(AGENT) 소관)"
관리,정의,알람,A-COM-020,connection_lost,major,,,,,fm_sync/<node>,모듈 자기보고(FM_SYNC) 두절 — 판정 불가 종결 후 두절 상태 자체의 알람,FM self-reporting from {node} lost ({misses} sync misses),해당 노드 L2 알람 판정 불가 — 침묵을 정상으로 오인 위험(A-COM-015 와 상보),모듈 FmReporter/경로 확인 — 노드마다 개별 발화,X.733 / 파이프라인 §9,,
,감지,알람,A-COM-020,connection_lost,major,MGMT_SVR_01,OAM-SVC,1,,fm_sync/<node>,모듈 자기보고 두절(FM_SYNC 연속 누락) — 판정 불가 종결 후 두절 자체는 무알람,,,,,후보,_check_stale 이 sync 3회 누락 시 그 노드 self 활성 알람을 판정 불가 close 만 하고 두절 알람은 없음 + ent['last_sync']=now 리셋으로 반복 종결도 막아 흔적 소멸(fm_ingest.py:307-324). now-last_sync > sync_sec×3 open / FM_SYNC 수신 close. 노드별 개별 발화. L2 침묵의 유일 관측점
관리,정의,알람,A-COM-021,delivery_failed,major,,,,AGENT,jobs/<agent>,배포 job 적체(queued/running 무기한 — 회수 타임아웃 부재),"Deploy jobs to {agent} stalled ({count} queued, oldest {age}s)",배포/제어가 해당 노드에 무기한 미집행,agent 상태/큐 회수 확인 — agent 마다 개별 발화,X.733,,
,감지,알람,A-COM-021,delivery_failed,major,MGMT_SVR_01,OAM,1,AGENT,jobs/<agent>,배포 job 적체(queued/running 무기한) — 회수 타임아웃 부재,,,,,후보,"purge_old_jobs 는 종료 job 만 정리(handlers/agents.py:538-563), queued/running 타임아웃 없음(:587-601 pick 만). agent 별 queued 최장 대기 임계 전이. AGENT delivery_failed(reports — 전달 축)와 상보"
관리,정의,알람,A-COM-022,connection_lost,major,,,,,ext/<system>,등록 외부 시스템 도달 불가(TCP probe 실패 지속),External system {system} unreachable ({fails} consecutive probes),해당 연동 기능 불가,대상 시스템/경로 확인 — 시스템마다 개별 발화,X.733,,
,감지,알람,A-COM-022,connection_lost,major,MGMT_SVR_01,OAM,1,EXT_01,ext/<system>,등록 외부 시스템(TCP probe) 도달 불가,,,,,후보,_probe_tcp/_probe_sync 완전 구현(handlers/external_systems.py:144-167) — on-demand(콘솔 버튼·/status)만·주기 호출자 0. 스위퍼 1개 추가로 성립 — probe 실패 N회 open / 성공 close. 시스템마다 개별 발화
관리,정의,이벤트,E-STC-011,lifecycle,-,,,,,,event=module_restarted. watchdog/HA reconcile 에 의한 모듈 자동 재기동,Module {module} auto-restarted by {actor} ({reason}),,,X.731,,
,감지,이벤트,E-STC-011,module_restarted,-,SIG_SVR_01,AGENT,1,MODULE,,watchdog/HA reconcile 에 의한 모듈 자동 재기동,,,,,후보,"kind=stateChange. 두 경로가 배타 집합 — supervise_tick 은 ha_managed 제외(legacy standalone 전용, :4174-4175 → :4214-4218)·HA 모듈은 reconcile(:3627-3635)뿐 — 둘 다 훅 필요. 현재 print 만. process_died 만 있고 '누가 살렸는지' 이력 부재"
관리,정의,이벤트,E-STC-012,availability_transition,-,,,,AGENT,,event=node_state_changed. agent 관측 두절/복귀 전이(offline↔online — A-COM-015 알람과 쌍),Node {node} state changed: {from} -> {to},,,X.731,,
,감지,이벤트,E-STC-012,node_offline,-,MGMT_SVR_01,OAM,1,AGENT,,agent 관측 두절/복귀 전이(node_offline/node_online),,,,,후보,kind=stateChange. _sweep_stale_agents 가 status 만 변경·event_log 기록 없음(oam_app.py:1062-1085). connection_lost(AGENT) 알람과 쌍(이벤트는 전이 이력·알람은 지속 상태)
관리,정의,이벤트,E-AUD-014,job_result,-,,,,,,"event=deployment_failed. 노드 배포/업그레이드 실패·자동 롤백(rc, sha 불일치, rolled_back)",Deployment on {node} failed: {detail} ({rolled_back}),,,X.740,,
,감지,이벤트,E-AUD-014,deployment_failed,-,SIG_SVR_01,AGENT,1,MODULE,,"배포/업그레이드 실패·자동 롤백(rc, sha 불일치, rolled_back)",,,,,후보,"kind=audit. install rc 1~6·self-upgrade 자동 롤백(oam preflight 실패 :4335-4338, start rc≠0 flip-back :4393-4404 — rolled_back 이 job report 문자열에만)이 job 레코드에만 저장(2일 후 purge) — event_log 미기록. 발행은 job report 수신부(OAM)가 더 적절할 수 있음(OAM deploy_job 행과 쌍). agent 자기 버전 전환/self-exec 소비(:5072-5076, :5147-5154 — execv 실패 시 agent 종료)도 params 포함, 롤백 대상 소실(_prune keep=3 :1108-1146 — 복구 수단 없음 지속)은 별도 warning 후보"
관리,정의,이벤트,E-AUD-015,job_result,-,,,,AGENT,,"event=deploy_job. 배포/프로비저닝 job 결과(job_type, agent, result)",Deploy job {job} on {agent}: {result},,,X.740,,
,감지,이벤트,E-AUD-015,deploy_job,-,MGMT_SVR_01,OAM,1,AGENT,,"배포/프로비저닝 job 결과(job_type, agent, result)",,,,,후보,"kind=audit. 배포 job 실패·provision run 실패가 job/run 레코드에만 저장(event_log 0, 실패 이력 2일 후 purge — agent_api.py:644-670, provision/engine.py) — service_control 만 audit 로 남는 비일관 해소. AGENT deployment_failed 행과 쌍(발행 소유 1택)"
